model,precision,seq_len,measurement_kind,validation_status,fairness_id,token_sha256,run_id,linear_ms,nonlinear_ms,other_ms,compute_total_ms,linear_pct,nonlinear_pct,other_pct
/cephfs/shared/impact/LLM_models/Mistral-7B-v0.1,FP16,512,measured,passed,f14320a61590e30304593a87ece9b4334cc5aba1e048bc3de5d629e299f7ea48,484c19789eb884af8fa0f76a63b2bbfbfedf64037d91bc8eae4845ab4ac89b7c,20261004T081734Z-ff28eb8e05,34.1107465,9.861547000000005,4.773518000000001,48.74581150000001,69.97677431218884,20.230552526548877,9.792673161262275
/cephfs/shared/impact/LLM_models/Mistral-7B-v0.1,FP16,1024,measured,passed,f14320a61590e30304593a87ece9b4334cc5aba1e048bc3de5d629e299f7ea48,484c19789eb884af8fa0f76a63b2bbfbfedf64037d91bc8eae4845ab4ac89b7c,20261004T081734Z-ff28eb8e05,64.53886250000002,19.27457450000002,15.446792499999997,99.26022950000005,65.01986024523548,19.418224798684363,15.561914956080159
/cephfs/shared/impact/LLM_models/Mistral-7B-v0.1,FP16,2048,measured,passed,f14320a61590e30304593a87ece9b4334cc5aba1e048bc3de5d629e299f7ea48,484c19789eb884af8fa0f76a63b2bbfbfedf64037d91bc8eae4845ab4ac89b7c,20261004T081734Z-ff28eb8e05,120.09809750000002,74.85641650000001,54.55037349999999,249.5048875,48.134567103419975,30.001984029270773,21.86344886730926
/cephfs/shared/impact/LLM_models/Mistral-7B-v0.1,FP16,4096,measured,passed,f14320a61590e30304593a87ece9b4334cc5aba1e048bc3de5d629e299f7ea48,484c19789eb884af8fa0f76a63b2bbfbfedf64037d91bc8eae4845ab4ac89b7c,20261004T081734Z-ff28eb8e05,251.98612200000014,184.523499,220.0983405,656.6079615000001,38.37695196755547,28.102537559621098,33.52051047282343
/cephfs/shared/impact/LLM_models/Mistral-7B-v0.1,W8A8,512,measured,passed,f14320a61590e30304593a87ece9b4334cc5aba1e048bc3de5d629e299f7ea48,484c19789eb884af8fa0f76a63b2bbfbfedf64037d91bc8eae4845ab4ac89b7c,20261004T082658Z-d95bd213a6,22.467170999999986,9.815459500000003,4.864352000000002,37.14698249999999,60.48181975480779,26.42330235033224,13.094877894859975
/cephfs/shared/impact/LLM_models/Mistral-7B-v0.1,W8A8,1024,measured,passed,f14320a61590e30304593a87ece9b4334cc5aba1e048bc3de5d629e299f7ea48,484c19789eb884af8fa0f76a63b2bbfbfedf64037d91bc8eae4845ab4ac89b7c,20261004T082658Z-d95bd213a6,39.464430000000014,19.377881000000034,15.569587499999999,74.41189850000005,53.03510701316133,26.04137428371085,20.92351870312782
/cephfs/shared/impact/LLM_models/Mistral-7B-v0.1,W8A8,2048,measured,passed,f14320a61590e30304593a87ece9b4334cc5aba1e048bc3de5d629e299f7ea48,484c19789eb884af8fa0f76a63b2bbfbfedf64037d91bc8eae4845ab4ac89b7c,20261004T082658Z-d95bd213a6,72.71707800000001,74.09919850000001,54.617688999999984,201.4339655,36.09971030431807,36.78585104357687,27.114438652105065
/cephfs/shared/impact/LLM_models/Mistral-7B-v0.1,W8A8,4096,measured,passed,f14320a61590e30304593a87ece9b4334cc5aba1e048bc3de5d629e299f7ea48,484c19789eb884af8fa0f76a63b2bbfbfedf64037d91bc8eae4845ab4ac89b7c,20261004T082658Z-d95bd213a6,146.20123,173.0264205,212.00420149999997,531.2318519999999,27.521171678538593,32.570791801843995,39.908036519617426
/cephfs/shared/impact/LLM_models/llama-2-7b-hf,FP16,512,measured,passed,5dee9633ebdc78686d77fff8e22fe46b07065d090315624733ec2ee90043c3b6,ba9457487a4bde6e74b4c1695a75dceea9024aae9a77610029c1c1733b2c4e10,20261004T084442Z-483d17715a,32.488719,10.019957999999997,4.580766499999999,47.0894435,68.99363548435224,21.27856533280118,9.727799182846573
/cephfs/shared/impact/LLM_models/llama-2-7b-hf,FP16,1024,measured,passed,5dee9633ebdc78686d77fff8e22fe46b07065d090315624733ec2ee90043c3b6,ba9457487a4bde6e74b4c1695a75dceea9024aae9a77610029c1c1733b2c4e10,20261004T084442Z-483d17715a,58.8018355,20.476506000000015,15.2105725,94.48891400000001,62.231465058430025,21.67080256632012,16.09773237524986
/cephfs/shared/impact/LLM_models/llama-2-7b-hf,FP16,2048,measured,passed,5dee9633ebdc78686d77fff8e22fe46b07065d090315624733ec2ee90043c3b6,ba9457487a4bde6e74b4c1695a75dceea9024aae9a77610029c1c1733b2c4e10,20261004T084442Z-483d17715a,113.862674,80.281776,54.969730499999976,249.11418049999997,45.707022286513315,32.2268992631674,22.06607845031928
/cephfs/shared/impact/LLM_models/llama-2-7b-hf,FP16,4096,measured,passed,5dee9633ebdc78686d77fff8e22fe46b07065d090315624733ec2ee90043c3b6,ba9457487a4bde6e74b4c1695a75dceea9024aae9a77610029c1c1733b2c4e10,20261004T084442Z-483d17715a,235.8288584999999,192.780784,219.46609800000004,648.0757404999999,36.38908907746716,29.74664409614636,33.86426682638648
/cephfs/shared/impact/LLM_models/llama-2-7b-hf,W8A8,512,measured,passed,5dee9633ebdc78686d77fff8e22fe46b07065d090315624733ec2ee90043c3b6,ba9457487a4bde6e74b4c1695a75dceea9024aae9a77610029c1c1733b2c4e10,20261004T085224Z-f06f524204,21.713089000000004,9.826960999999999,4.571800500000002,36.1118505,60.12732302378135,27.21256558148411,12.660111394734539
/cephfs/shared/impact/LLM_models/llama-2-7b-hf,W8A8,1024,measured,passed,5dee9633ebdc78686d77fff8e22fe46b07065d090315624733ec2ee90043c3b6,ba9457487a4bde6e74b4c1695a75dceea9024aae9a77610029c1c1733b2c4e10,20261004T085224Z-f06f524204,36.83397500000001,20.29881350000001,15.189837499999998,72.32262600000001,50.93008514375571,28.06703050301299,21.002884353231305
/cephfs/shared/impact/LLM_models/llama-2-7b-hf,W8A8,2048,measured,passed,5dee9633ebdc78686d77fff8e22fe46b07065d090315624733ec2ee90043c3b6,ba9457487a4bde6e74b4c1695a75dceea9024aae9a77610029c1c1733b2c4e10,20261004T085224Z-f06f524204,67.66960449999999,77.53608,54.02225200000001,199.2279365,33.96592149113585,38.91827690540779,27.115801603456358
/cephfs/shared/impact/LLM_models/llama-2-7b-hf,W8A8,4096,measured,passed,5dee9633ebdc78686d77fff8e22fe46b07065d090315624733ec2ee90043c3b6,ba9457487a4bde6e74b4c1695a75dceea9024aae9a77610029c1c1733b2c4e10,20261004T085224Z-f06f524204,137.0544935,182.20044349999998,212.03601350000005,531.2909505,25.79650441458065,34.29391058299232,39.909585002427036
/cephfs/shared/impact/LLM_models/llama2-13b-hf,FP16,512,measured,passed,40c27a8aedea5475c19c3af676a21c722eae8ac0d9dcebf74df669298417d563,3bb82b90ab6cf09d73f609926c4187262b27e2e7b99a225aee971fcd40a59f16,20261005T133926Z-49cb46fc49,66.14362500000001,14.668049999999994,6.871373000000003,87.68304800000001,75.43490618619919,16.728490095371676,7.836603718429133
/cephfs/shared/impact/LLM_models/llama2-13b-hf,FP16,1024,measured,passed,40c27a8aedea5475c19c3af676a21c722eae8ac0d9dcebf74df669298417d563,3bb82b90ab6cf09d73f609926c4187262b27e2e7b99a225aee971fcd40a59f16,20261005T133926Z-49cb46fc49,110.43441099999998,32.26032500000001,23.367964,166.06269999999998,66.50163522573101,19.42659308803242,14.071771686236586
/cephfs/shared/impact/LLM_models/llama2-13b-hf,FP16,2048,measured,passed,40c27a8aedea5475c19c3af676a21c722eae8ac0d9dcebf74df669298417d563,3bb82b90ab6cf09d73f609926c4187262b27e2e7b99a225aee971fcd40a59f16,20261005T133926Z-49cb46fc49,207.64605900000004,132.54976849999997,88.4483435,428.64417100000003,48.44252483722683,30.923030678515858,20.634444484257315
/cephfs/shared/impact/LLM_models/llama2-13b-hf,FP16,4096,measured,passed,40c27a8aedea5475c19c3af676a21c722eae8ac0d9dcebf74df669298417d563,3bb82b90ab6cf09d73f609926c4187262b27e2e7b99a225aee971fcd40a59f16,20261005T133926Z-49cb46fc49,423.54882399999985,304.54275900000005,344.46054649999996,1072.5521294999999,39.4898124156864,28.39421512705132,32.115972457262274
/cephfs/shared/impact/LLM_models/llama2-13b-hf,W8A8,512,measured,passed,40c27a8aedea5475c19c3af676a21c722eae8ac0d9dcebf74df669298417d563,3bb82b90ab6cf09d73f609926c4187262b27e2e7b99a225aee971fcd40a59f16,20261005T135239Z-9f9fb2ce65,40.15219049999999,14.604430999999977,7.112676999999998,61.869298499999964,64.89840918432267,23.605295928803823,11.496294886873498
/cephfs/shared/impact/LLM_models/llama2-13b-hf,W8A8,1024,measured,passed,40c27a8aedea5475c19c3af676a21c722eae8ac0d9dcebf74df669298417d563,3bb82b90ab6cf09d73f609926c4187262b27e2e7b99a225aee971fcd40a59f16,20261005T135239Z-9f9fb2ce65,66.40801549999998,32.027056,23.3696835,121.80475499999997,54.52005178287169,26.2937649683709,19.186183248757413
/cephfs/shared/impact/LLM_models/llama2-13b-hf,W8A8,2048,measured,passed,40c27a8aedea5475c19c3af676a21c722eae8ac0d9dcebf74df669298417d563,3bb82b90ab6cf09d73f609926c4187262b27e2e7b99a225aee971fcd40a59f16,20261005T135239Z-9f9fb2ce65,130.57177000000001,120.28216299999995,83.44854900000001,334.302482,39.05797205537948,35.98003887987884,24.961989064741676
/cephfs/shared/impact/LLM_models/llama2-13b-hf,W8A8,4096,measured,passed,40c27a8aedea5475c19c3af676a21c722eae8ac0d9dcebf74df669298417d563,3bb82b90ab6cf09d73f609926c4187262b27e2e7b99a225aee971fcd40a59f16,20261005T135239Z-9f9fb2ce65,266.3912895,286.8747695,332.91441850000007,886.1804775,30.060613640633942,32.372047995155704,37.56733836421036
