model,precision,seq_len,measurement_kind,validation_status,fairness_id,token_sha256,run_id,quantize_ms,dequantize_ms,requantize_ms,scale_ms,packing_ms,conversion_ms,total_quantization_overhead_ms
/cephfs/shared/impact/LLM_models/Mistral-7B-v0.1,FP16,512,measured,passed,f14320a61590e30304593a87ece9b4334cc5aba1e048bc3de5d629e299f7ea48,484c19789eb884af8fa0f76a63b2bbfbfedf64037d91bc8eae4845ab4ac89b7c,20261004T081734Z-ff28eb8e05,0.0,0.0,0.0,0.0,0.0,2.754793000000001,2.754793000000001
/cephfs/shared/impact/LLM_models/Mistral-7B-v0.1,FP16,1024,measured,passed,f14320a61590e30304593a87ece9b4334cc5aba1e048bc3de5d629e299f7ea48,484c19789eb884af8fa0f76a63b2bbfbfedf64037d91bc8eae4845ab4ac89b7c,20261004T081734Z-ff28eb8e05,0.0,0.0,0.0,0.0,0.0,7.627029000000022,7.627029000000022
/cephfs/shared/impact/LLM_models/Mistral-7B-v0.1,FP16,2048,measured,passed,f14320a61590e30304593a87ece9b4334cc5aba1e048bc3de5d629e299f7ea48,484c19789eb884af8fa0f76a63b2bbfbfedf64037d91bc8eae4845ab4ac89b7c,20261004T081734Z-ff28eb8e05,0.0,0.0,0.0,0.0,0.0,25.142744999999977,25.142744999999977
/cephfs/shared/impact/LLM_models/Mistral-7B-v0.1,FP16,4096,measured,passed,f14320a61590e30304593a87ece9b4334cc5aba1e048bc3de5d629e299f7ea48,484c19789eb884af8fa0f76a63b2bbfbfedf64037d91bc8eae4845ab4ac89b7c,20261004T081734Z-ff28eb8e05,0.0,0.0,0.0,0.0,0.0,99.38224300000002,99.38224300000002
/cephfs/shared/impact/LLM_models/Mistral-7B-v0.1,W8A8,512,measured,passed,f14320a61590e30304593a87ece9b4334cc5aba1e048bc3de5d629e299f7ea48,484c19789eb884af8fa0f76a63b2bbfbfedf64037d91bc8eae4845ab4ac89b7c,20261004T082658Z-d95bd213a6,11.752128500000008,16.79853900000001,0.0,6.817367499999953,1.0273525000000001,6.445316500000008,42.84070399999998
/cephfs/shared/impact/LLM_models/Mistral-7B-v0.1,W8A8,1024,measured,passed,f14320a61590e30304593a87ece9b4334cc5aba1e048bc3de5d629e299f7ea48,484c19789eb884af8fa0f76a63b2bbfbfedf64037d91bc8eae4845ab4ac89b7c,20261004T082658Z-d95bd213a6,23.148685500000006,32.26267950000003,0.0,11.662045499999994,1.6899875000000004,14.114471999999997,82.87787000000003
/cephfs/shared/impact/LLM_models/Mistral-7B-v0.1,W8A8,2048,measured,passed,f14320a61590e30304593a87ece9b4334cc5aba1e048bc3de5d629e299f7ea48,484c19789eb884af8fa0f76a63b2bbfbfedf64037d91bc8eae4845ab4ac89b7c,20261004T082658Z-d95bd213a6,52.52809899999997,62.79542650000002,0.0,22.55078849999998,2.97304,38.42195299999999,179.26930699999997
/cephfs/shared/impact/LLM_models/Mistral-7B-v0.1,W8A8,4096,measured,passed,f14320a61590e30304593a87ece9b4334cc5aba1e048bc3de5d629e299f7ea48,484c19789eb884af8fa0f76a63b2bbfbfedf64037d91bc8eae4845ab4ac89b7c,20261004T082658Z-d95bd213a6,105.05852249999992,125.51422200000005,0.0,42.16917150000002,6.225548999999999,121.23524600000002,400.202711
/cephfs/shared/impact/LLM_models/llama-2-7b-hf,FP16,512,measured,passed,5dee9633ebdc78686d77fff8e22fe46b07065d090315624733ec2ee90043c3b6,ba9457487a4bde6e74b4c1695a75dceea9024aae9a77610029c1c1733b2c4e10,20261004T084442Z-483d17715a,0.0,0.0,0.0,0.0,0.0,2.0800814999999986,2.0800814999999986
/cephfs/shared/impact/LLM_models/llama-2-7b-hf,FP16,1024,measured,passed,5dee9633ebdc78686d77fff8e22fe46b07065d090315624733ec2ee90043c3b6,ba9457487a4bde6e74b4c1695a75dceea9024aae9a77610029c1c1733b2c4e10,20261004T084442Z-483d17715a,0.0,0.0,0.0,0.0,0.0,6.432205500000022,6.432205500000022
/cephfs/shared/impact/LLM_models/llama-2-7b-hf,FP16,2048,measured,passed,5dee9633ebdc78686d77fff8e22fe46b07065d090315624733ec2ee90043c3b6,ba9457487a4bde6e74b4c1695a75dceea9024aae9a77610029c1c1733b2c4e10,20261004T084442Z-483d17715a,0.0,0.0,0.0,0.0,0.0,23.15030850000001,23.15030850000001
/cephfs/shared/impact/LLM_models/llama-2-7b-hf,FP16,4096,measured,passed,5dee9633ebdc78686d77fff8e22fe46b07065d090315624733ec2ee90043c3b6,ba9457487a4bde6e74b4c1695a75dceea9024aae9a77610029c1c1733b2c4e10,20261004T084442Z-483d17715a,0.0,0.0,0.0,0.0,0.0,94.53427749999994,94.53427749999994
/cephfs/shared/impact/LLM_models/llama-2-7b-hf,W8A8,512,measured,passed,5dee9633ebdc78686d77fff8e22fe46b07065d090315624733ec2ee90043c3b6,ba9457487a4bde6e74b4c1695a75dceea9024aae9a77610029c1c1733b2c4e10,20261004T085224Z-f06f524204,10.374646500000003,16.083252000000012,0.0,6.058425499999962,0.9662560000000007,5.335258000000005,38.81783799999998
/cephfs/shared/impact/LLM_models/llama-2-7b-hf,W8A8,1024,measured,passed,5dee9633ebdc78686d77fff8e22fe46b07065d090315624733ec2ee90043c3b6,ba9457487a4bde6e74b4c1695a75dceea9024aae9a77610029c1c1733b2c4e10,20261004T085224Z-f06f524204,21.138588999999993,31.979878499999998,0.0,10.891872999999965,1.5545179999999996,12.283387000000001,77.84824549999996
/cephfs/shared/impact/LLM_models/llama-2-7b-hf,W8A8,2048,measured,passed,5dee9633ebdc78686d77fff8e22fe46b07065d090315624733ec2ee90043c3b6,ba9457487a4bde6e74b4c1695a75dceea9024aae9a77610029c1c1733b2c4e10,20261004T085224Z-f06f524204,48.2274005,63.21274149999993,0.0,20.796762499999993,2.7178239999999994,35.07466149999999,170.02938999999992
/cephfs/shared/impact/LLM_models/llama-2-7b-hf,W8A8,4096,measured,passed,5dee9633ebdc78686d77fff8e22fe46b07065d090315624733ec2ee90043c3b6,ba9457487a4bde6e74b4c1695a75dceea9024aae9a77610029c1c1733b2c4e10,20261004T085224Z-f06f524204,96.62328050000008,125.62370299999992,0.0,39.285442,5.710299499999998,115.10058249999997,382.3433075
/cephfs/shared/impact/LLM_models/llama2-13b-hf,FP16,512,measured,passed,40c27a8aedea5475c19c3af676a21c722eae8ac0d9dcebf74df669298417d563,3bb82b90ab6cf09d73f609926c4187262b27e2e7b99a225aee971fcd40a59f16,20261005T133926Z-49cb46fc49,0.0,0.0,0.0,0.0,0.0,2.8891985000000013,2.8891985000000013
/cephfs/shared/impact/LLM_models/llama2-13b-hf,FP16,1024,measured,passed,40c27a8aedea5475c19c3af676a21c722eae8ac0d9dcebf74df669298417d563,3bb82b90ab6cf09d73f609926c4187262b27e2e7b99a225aee971fcd40a59f16,20261005T133926Z-49cb46fc49,0.0,0.0,0.0,0.0,0.0,9.904295000000026,9.904295000000026
/cephfs/shared/impact/LLM_models/llama2-13b-hf,FP16,2048,measured,passed,40c27a8aedea5475c19c3af676a21c722eae8ac0d9dcebf74df669298417d563,3bb82b90ab6cf09d73f609926c4187262b27e2e7b99a225aee971fcd40a59f16,20261005T133926Z-49cb46fc49,0.0,0.0,0.0,0.0,0.0,37.90148549999999,37.90148549999999
/cephfs/shared/impact/LLM_models/llama2-13b-hf,FP16,4096,measured,passed,40c27a8aedea5475c19c3af676a21c722eae8ac0d9dcebf74df669298417d563,3bb82b90ab6cf09d73f609926c4187262b27e2e7b99a225aee971fcd40a59f16,20261005T133926Z-49cb46fc49,0.0,0.0,0.0,0.0,0.0,149.65220150000005,149.65220150000005
/cephfs/shared/impact/LLM_models/llama2-13b-hf,W8A8,512,measured,passed,40c27a8aedea5475c19c3af676a21c722eae8ac0d9dcebf74df669298417d563,3bb82b90ab6cf09d73f609926c4187262b27e2e7b99a225aee971fcd40a59f16,20261005T135239Z-9f9fb2ce65,15.939683999999982,24.31921049999999,0.0,9.314054999999975,1.3501900000000013,7.942279000000002,58.86541849999995
/cephfs/shared/impact/LLM_models/llama2-13b-hf,W8A8,1024,measured,passed,40c27a8aedea5475c19c3af676a21c722eae8ac0d9dcebf74df669298417d563,3bb82b90ab6cf09d73f609926c4187262b27e2e7b99a225aee971fcd40a59f16,20261005T135239Z-9f9fb2ce65,35.46561550000001,50.523099000000016,0.0,17.088426499999972,2.229827499999999,19.117932999999997,124.4249015
/cephfs/shared/impact/LLM_models/llama2-13b-hf,W8A8,2048,measured,passed,40c27a8aedea5475c19c3af676a21c722eae8ac0d9dcebf74df669298417d563,3bb82b90ab6cf09d73f609926c4187262b27e2e7b99a225aee971fcd40a59f16,20261005T135239Z-9f9fb2ce65,74.26059700000002,97.14022550000007,0.0,32.522318499999926,4.2413635,54.55204450000001,262.71654900000004
/cephfs/shared/impact/LLM_models/llama2-13b-hf,W8A8,4096,measured,passed,40c27a8aedea5475c19c3af676a21c722eae8ac0d9dcebf74df669298417d563,3bb82b90ab6cf09d73f609926c4187262b27e2e7b99a225aee971fcd40a59f16,20261005T135239Z-9f9fb2ce65,150.63378949999998,195.0192184999999,0.0,59.11981600000021,9.063406000000004,181.76072349999998,595.5969535
