model,precision,seq_len,measurement_kind,validation_status,fairness_id,token_sha256,run_id,num_samples,linear_ms,softmax_ms,rope_ms,silu_ms,rmsnorm_ms,attention_matmul_ms,other_compute_ms,quantize_ms,dequantize_ms,requantize_ms,scale_ms,packing_ms,conversion_ms,physical_total_ms,profiled_physical_ms,gpu_kernel_total_ms,gpu_activity_total_ms,consistency_error_pct,nonlinear_ms,quantization_overhead_ms,other_ms,compute_total_ms,linear_pct,nonlinear_pct,other_pct
/cephfs/shared/impact/LLM_models/Mistral-7B-v0.1,FP16,512,measured,passed,f14320a61590e30304593a87ece9b4334cc5aba1e048bc3de5d629e299f7ea48,484c19789eb884af8fa0f76a63b2bbfbfedf64037d91bc8eae4845ab4ac89b7c,20261004T081734Z-ff28eb8e05,32,34.1107465,1.2165084999999998,3.7091700000000016,0.6548974999999999,4.280971000000004,1.523005,3.2505130000000015,0.0,0.0,0.0,0.0,0.0,2.754793000000001,54.197425842285156,475.4842987060547,51.398313,51.5032755,2.915388459574816e-14,9.861547000000005,2.754793000000001,4.773518000000001,48.74581150000001,69.97677431218884,20.230552526548877,9.792673161262275
/cephfs/shared/impact/LLM_models/Mistral-7B-v0.1,FP16,1024,measured,passed,f14320a61590e30304593a87ece9b4334cc5aba1e048bc3de5d629e299f7ea48,484c19789eb884af8fa0f76a63b2bbfbfedf64037d91bc8eae4845ab4ac89b7c,20261004T081734Z-ff28eb8e05,32,64.53886250000002,4.516255999999999,5.740352000000007,1.250476,7.767490500000015,5.3483595,10.098432999999996,0.0,0.0,0.0,0.0,0.0,7.627029000000022,112.78422546386719,477.30357360839844,106.6986385,106.886735,4.2924649969692656e-14,19.27457450000002,7.627029000000022,15.446792499999997,99.26022950000005,65.01986024523548,19.418224798684363,15.561914956080159
/cephfs/shared/impact/LLM_models/Mistral-7B-v0.1,FP16,2048,measured,passed,f14320a61590e30304593a87ece9b4334cc5aba1e048bc3de5d629e299f7ea48,484c19789eb884af8fa0f76a63b2bbfbfedf64037d91bc8eae4845ab4ac89b7c,20261004T081734Z-ff28eb8e05,32,120.09809750000002,45.858152000000004,9.896454500000011,2.4404635,16.661346499999993,18.748552000000004,35.80182149999999,0.0,0.0,0.0,0.0,0.0,25.142744999999977,287.16102600097656,479.11944580078125,274.545611,274.75991350000004,3.4113180305654345e-14,74.85641650000001,25.142744999999977,54.55037349999999,249.5048875,48.134567103419975,30.001984029270773,21.86344886730926
/cephfs/shared/impact/LLM_models/Mistral-7B-v0.1,FP16,4096,measured,passed,f14320a61590e30304593a87ece9b4334cc5aba1e048bc3de5d629e299f7ea48,484c19789eb884af8fa0f76a63b2bbfbfedf64037d91bc8eae4845ab4ac89b7c,20261004T081734Z-ff28eb8e05,32,251.98612200000014,126.99644149999997,19.431474499999986,5.123027,32.972556000000026,75.27235150000001,144.825989,0.0,0.0,0.0,0.0,0.0,99.38224300000002,749.8085021972656,797.3990173339844,755.7044535,756.0883509999999,1.7311710356736557e-14,184.523499,99.38224300000002,220.0983405,656.6079615000001,38.37695196755547,28.102537559621098,33.52051047282343
/cephfs/shared/impact/LLM_models/Mistral-7B-v0.1,W8A8,512,measured,passed,f14320a61590e30304593a87ece9b4334cc5aba1e048bc3de5d629e299f7ea48,484c19789eb884af8fa0f76a63b2bbfbfedf64037d91bc8eae4845ab4ac89b7c,20261004T082658Z-d95bd213a6,32,22.467170999999986,1.2095509999999998,3.7256280000000013,0.6489,4.231380500000002,1.5156044999999998,3.3487475000000018,11.752128500000008,16.79853900000001,0.0,6.817367499999953,1.0273525000000001,6.445316500000008,105.73513412475586,1029.16845703125,78.9733675,80.0024645,1.2445177871881686e-13,9.815459500000003,42.84070399999998,4.864352000000002,37.14698249999999,60.48181975480779,26.42330235033224,13.094877894859975
/cephfs/shared/impact/LLM_models/Mistral-7B-v0.1,W8A8,1024,measured,passed,f14320a61590e30304593a87ece9b4334cc5aba1e048bc3de5d629e299f7ea48,484c19789eb884af8fa0f76a63b2bbfbfedf64037d91bc8eae4845ab4ac89b7c,20261004T082658Z-d95bd213a6,32,39.464430000000014,4.4923145,5.77604000000002,1.2526040000000003,7.856922500000016,5.411619500000002,10.157967999999997,23.148685500000006,32.26267950000003,0.0,11.662045499999994,1.6899875000000004,14.114471999999997,161.4578399658203,1029.7910766601562,155.598893,157.28670449999998,7.639837606808326e-14,19.377881000000034,82.87787000000003,15.569587499999999,74.41189850000005,53.03510701316133,26.04137428371085,20.92351870312782
/cephfs/shared/impact/LLM_models/Mistral-7B-v0.1,W8A8,2048,measured,passed,f14320a61590e30304593a87ece9b4334cc5aba1e048bc3de5d629e299f7ea48,484c19789eb884af8fa0f76a63b2bbfbfedf64037d91bc8eae4845ab4ac89b7c,20261004T082658Z-d95bd213a6,32,72.71707800000001,45.42460899999999,9.801435500000022,2.4141369999999998,16.459017000000003,18.655516,35.962172999999986,52.52809899999997,62.79542650000002,0.0,22.55078849999998,2.97304,38.42195299999999,385.9601745605469,1034.4515380859375,377.73918649999996,380.71101,4.2320516883626234e-14,74.09919850000001,179.26930699999997,54.617688999999984,201.4339655,36.09971030431807,36.78585104357687,27.114438652105065
/cephfs/shared/impact/LLM_models/Mistral-7B-v0.1,W8A8,4096,measured,passed,f14320a61590e30304593a87ece9b4334cc5aba1e048bc3de5d629e299f7ea48,484c19789eb884af8fa0f76a63b2bbfbfedf64037d91bc8eae4845ab4ac89b7c,20261004T082658Z-d95bd213a6,32,146.20123,117.9598755,18.35994049999999,4.850481,31.856123500000006,71.44199500000002,140.56220649999995,105.05852249999992,125.51422200000005,0.0,42.16917150000002,6.225548999999999,121.23524600000002,936.1146850585938,1046.5471801757812,925.372288,931.6026724999999,2.155589500143442e-14,173.0264205,400.202711,212.00420149999997,531.2318519999999,27.521171678538593,32.570791801843995,39.908036519617426
/cephfs/shared/impact/LLM_models/llama-2-7b-hf,FP16,512,measured,passed,5dee9633ebdc78686d77fff8e22fe46b07065d090315624733ec2ee90043c3b6,ba9457487a4bde6e74b4c1695a75dceea9024aae9a77610029c1c1733b2c4e10,20261004T084442Z-483d17715a,32,32.488719,1.2283020000000002,3.920355500000001,0.5106804999999999,4.3606199999999955,1.5267835,3.0539829999999997,0.0,0.0,0.0,0.0,0.0,2.0800814999999986,51.58692932128906,360.219970703125,48.988200000000006,49.1648175,1.5108692716915352e-14,10.019957999999997,2.0800814999999986,4.580766499999999,47.0894435,68.99363548435224,21.27856533280118,9.727799182846573
/cephfs/shared/impact/LLM_models/llama-2-7b-hf,FP16,1024,measured,passed,5dee9633ebdc78686d77fff8e22fe46b07065d090315624733ec2ee90043c3b6,ba9457487a4bde6e74b4c1695a75dceea9024aae9a77610029c1c1733b2c4e10,20261004T084442Z-483d17715a,32,58.8018355,4.5350505000000005,7.039166000000002,1.0085725,7.893717000000012,5.461226999999999,9.7493455,0.0,0.0,0.0,0.0,0.0,6.432205500000022,107.44553756713867,358.63780212402344,100.63299,100.8973545,4.507730946467591e-14,20.476506000000015,6.432205500000022,15.2105725,94.48891400000001,62.231465058430025,21.67080256632012,16.09773237524986
/cephfs/shared/impact/LLM_models/llama-2-7b-hf,FP16,2048,measured,passed,5dee9633ebdc78686d77fff8e22fe46b07065d090315624733ec2ee90043c3b6,ba9457487a4bde6e74b4c1695a75dceea9024aae9a77610029c1c1733b2c4e10,20261004T084442Z-483d17715a,32,113.862674,47.302681499999984,14.10724500000001,1.9248630000000002,16.946986499999994,19.410649499999998,35.55908099999998,0.0,0.0,0.0,0.0,0.0,23.15030850000001,280.30873107910156,359.668701171875,272.0905345,272.2190195,2.276186462763313e-14,80.281776,23.15030850000001,54.969730499999976,249.11418049999997,45.707022286513315,32.2268992631674,22.06607845031928
/cephfs/shared/impact/LLM_models/llama-2-7b-hf,FP16,4096,measured,passed,5dee9633ebdc78686d77fff8e22fe46b07065d090315624733ec2ee90043c3b6,ba9457487a4bde6e74b4c1695a75dceea9024aae9a77610029c1c1733b2c4e10,20261004T084442Z-483d17715a,32,235.8288584999999,127.06724599999998,28.663742999999993,3.970258500000001,33.07953650000003,76.22344850000002,143.24264950000003,0.0,0.0,0.0,0.0,0.0,94.53427749999994,735.7710266113281,775.1296081542969,742.2071765000001,742.660891,2.6326243016863847e-14,192.780784,94.53427749999994,219.46609800000004,648.0757404999999,36.38908907746716,29.74664409614636,33.86426682638648
/cephfs/shared/impact/LLM_models/llama-2-7b-hf,W8A8,512,measured,passed,5dee9633ebdc78686d77fff8e22fe46b07065d090315624733ec2ee90043c3b6,ba9457487a4bde6e74b4c1695a75dceea9024aae9a77610029c1c1733b2c4e10,20261004T085224Z-f06f524204,32,21.713089000000004,1.2148534999999998,3.889727500000001,0.47559749999999995,4.246782499999998,1.5256179999999997,3.046182500000002,10.374646500000003,16.083252000000012,0.0,6.058425499999962,0.9662560000000007,5.335258000000005,98.73694610595703,915.1739807128906,73.98863300000002,74.9559945,6.87980305984294e-14,9.826960999999999,38.81783799999998,4.571800500000002,36.1118505,60.12732302378135,27.21256558148411,12.660111394734539
/cephfs/shared/impact/LLM_models/llama-2-7b-hf,W8A8,1024,measured,passed,5dee9633ebdc78686d77fff8e22fe46b07065d090315624733ec2ee90043c3b6,ba9457487a4bde6e74b4c1695a75dceea9024aae9a77610029c1c1733b2c4e10,20261004T085224Z-f06f524204,32,36.83397500000001,4.5062845,6.997833999999995,0.9816215,7.813073500000014,5.402983000000001,9.786854499999997,21.138588999999993,31.979878499999998,0.0,10.891872999999965,1.5545179999999996,12.283387000000001,153.49214935302734,913.0657043457031,148.62284300000002,150.17677600000002,3.932214025744358e-14,20.29881350000001,77.84824549999996,15.189837499999998,72.32262600000001,50.93008514375571,28.06703050301299,21.002884353231305
/cephfs/shared/impact/LLM_models/llama-2-7b-hf,W8A8,2048,measured,passed,5dee9633ebdc78686d77fff8e22fe46b07065d090315624733ec2ee90043c3b6,ba9457487a4bde6e74b4c1695a75dceea9024aae9a77610029c1c1733b2c4e10,20261004T085224Z-f06f524204,32,67.66960449999999,45.436274,13.660405999999998,1.8815184999999999,16.557881499999997,18.813218000000003,35.209034,48.2274005,63.21274149999993,0.0,20.796762499999993,2.7178239999999994,35.07466149999999,374.73858642578125,910.48876953125,366.5281995,369.24541999999997,2.8539997110864055e-14,77.53608,170.02938999999992,54.02225200000001,199.2279365,33.96592149113585,38.91827690540779,27.115801603456358
/cephfs/shared/impact/LLM_models/llama-2-7b-hf,W8A8,4096,measured,passed,5dee9633ebdc78686d77fff8e22fe46b07065d090315624733ec2ee90043c3b6,ba9457487a4bde6e74b4c1695a75dceea9024aae9a77610029c1c1733b2c4e10,20261004T085224Z-f06f524204,32,137.0544935,119.06852599999999,27.302701499999998,3.7782215,32.05099449999999,72.641043,139.39497050000006,96.62328050000008,125.62370299999992,0.0,39.285442,5.710299499999998,115.10058249999997,911.7163391113281,979.3612670898438,907.9621765,913.6792519999999,2.144835165903645e-14,182.20044349999998,382.3433075,212.03601350000005,531.2909505,25.79650441458065,34.29391058299232,39.909585002427036
/cephfs/shared/impact/LLM_models/llama2-13b-hf,FP16,512,measured,passed,40c27a8aedea5475c19c3af676a21c722eae8ac0d9dcebf74df669298417d563,3bb82b90ab6cf09d73f609926c4187262b27e2e7b99a225aee971fcd40a59f16,20261005T133926Z-49cb46fc49,32,66.14362500000001,1.8758185000000003,5.7848600000000125,0.7852839999999999,6.222087499999982,2.251285,4.620088000000003,0.0,0.0,0.0,0.0,0.0,2.8891985000000013,95.17245101928711,446.70135498046875,90.5263755,90.5702025,1.6239449543871303e-14,14.668049999999994,2.8891985000000013,6.871373000000003,87.68304800000001,75.43490618619919,16.728490095371676,7.836603718429133
/cephfs/shared/impact/LLM_models/llama2-13b-hf,FP16,1024,measured,passed,40c27a8aedea5475c19c3af676a21c722eae8ac0d9dcebf74df669298417d563,3bb82b90ab6cf09d73f609926c4187262b27e2e7b99a225aee971fcd40a59f16,20261005T133926Z-49cb46fc49,32,110.43441099999998,6.9242565,10.847361499999995,1.5475244999999997,12.94118250000001,8.249027,15.118936999999999,0.0,0.0,0.0,0.0,0.0,9.904295000000026,190.31195831298828,449.98939514160156,175.636231,175.972011,1.7138966120027345e-14,32.26032500000001,9.904295000000026,23.367964,166.06269999999998,66.50163522573101,19.42659308803242,14.071771686236586
/cephfs/shared/impact/LLM_models/llama2-13b-hf,FP16,2048,measured,passed,40c27a8aedea5475c19c3af676a21c722eae8ac0d9dcebf74df669298417d563,3bb82b90ab6cf09d73f609926c4187262b27e2e7b99a225aee971fcd40a59f16,20261005T133926Z-49cb46fc49,32,207.64605900000004,79.525047,22.971323500000004,3.1254489999999997,26.927948999999963,31.222092500000002,57.22625099999998,0.0,0.0,0.0,0.0,0.0,37.90148549999999,466.2462921142578,505.9447021484375,466.61345600000004,466.61345600000004,1.3314378323733795e-14,132.54976849999997,37.90148549999999,88.4483435,428.64417100000003,48.44252483722683,30.923030678515858,20.634444484257315
/cephfs/shared/impact/LLM_models/llama2-13b-hf,FP16,4096,measured,passed,40c27a8aedea5475c19c3af676a21c722eae8ac0d9dcebf74df669298417d563,3bb82b90ab6cf09d73f609926c4187262b27e2e7b99a225aee971fcd40a59f16,20261005T133926Z-49cb46fc49,32,423.54882399999985,202.48035699999997,44.7124505,6.226893499999998,51.12305800000005,118.89914300000001,225.56140349999998,0.0,0.0,0.0,0.0,0.0,149.65220150000005,1216.3397216796875,1260.0191650390625,1223.227582,1223.227582,0.08871804571518695,304.54275900000005,149.65220150000005,344.46054649999996,1072.5521294999999,39.4898124156864,28.39421512705132,32.115972457262274
/cephfs/shared/impact/LLM_models/llama2-13b-hf,W8A8,512,measured,passed,40c27a8aedea5475c19c3af676a21c722eae8ac0d9dcebf74df669298417d563,3bb82b90ab6cf09d73f609926c4187262b27e2e7b99a225aee971fcd40a59f16,20261005T135239Z-9f9fb2ce65,32,40.15219049999999,1.8716494999999997,5.782256500000001,0.7845725000000001,6.1659524999999755,2.2724455,4.840231499999998,15.939683999999982,24.31921049999999,0.0,9.314054999999975,1.3501900000000013,7.942279000000002,125.59649658203125,1143.016357421875,119.384467,120.73557199999999,9.185542113355764e-14,14.604430999999977,58.86541849999995,7.112676999999998,61.869298499999964,64.89840918432267,23.605295928803823,11.496294886873498
/cephfs/shared/impact/LLM_models/llama2-13b-hf,W8A8,1024,measured,passed,40c27a8aedea5475c19c3af676a21c722eae8ac0d9dcebf74df669298417d563,3bb82b90ab6cf09d73f609926c4187262b27e2e7b99a225aee971fcd40a59f16,20261005T135239Z-9f9fb2ce65,32,66.40801549999998,6.896523999999998,10.778937999999997,1.5101590000000003,12.841435000000004,8.1717345,15.197949000000001,35.46561550000001,50.523099000000016,0.0,17.088426499999972,2.229827499999999,19.117932999999997,251.7969970703125,1146.8304443359375,243.995707,246.225615,4.665991435444835e-14,32.027056,124.4249015,23.3696835,121.80475499999997,54.52005178287169,26.2937649683709,19.186183248757413
/cephfs/shared/impact/LLM_models/llama2-13b-hf,W8A8,2048,measured,passed,40c27a8aedea5475c19c3af676a21c722eae8ac0d9dcebf74df669298417d563,3bb82b90ab6cf09d73f609926c4187262b27e2e7b99a225aee971fcd40a59f16,20261005T135239Z-9f9fb2ce65,32,130.57177000000001,70.95752949999999,21.046682999999994,2.9183354999999995,25.35961499999997,28.800977000000003,54.647572000000004,74.26059700000002,97.14022550000007,0.0,32.522318499999926,4.2413635,54.55204450000001,608.0940856933594,1149.4234619140625,592.7540309999999,596.9979975,3.4008173667186096e-14,120.28216299999995,262.71654900000004,83.44854900000001,334.302482,39.05797205537948,35.98003887987884,24.961989064741676
/cephfs/shared/impact/LLM_models/llama2-13b-hf,W8A8,4096,measured,passed,40c27a8aedea5475c19c3af676a21c722eae8ac0d9dcebf74df669298417d563,3bb82b90ab6cf09d73f609926c4187262b27e2e7b99a225aee971fcd40a59f16,20261005T135239Z-9f9fb2ce65,32,266.3912895,188.4989735,42.597549,5.966319499999999,49.81192750000001,114.16559749999999,218.74882100000008,150.63378949999998,195.0192184999999,0.0,59.11981600000021,9.063406000000004,181.76072349999998,1477.8223876953125,1560.2269897460938,1473.0883485,1482.1580920000001,2.567044595356968e-14,286.8747695,595.5969535,332.91441850000007,886.1804775,30.060613640633942,32.372047995155704,37.56733836421036
