model,precision,seq_len,measurement_kind,validation_status,fairness_id,token_sha256,run_id,sample_id,linear_ms,softmax_ms,rope_ms,silu_ms,rmsnorm_ms,attention_matmul_ms,other_compute_ms,quantize_ms,dequantize_ms,requantize_ms,scale_ms,packing_ms,conversion_ms,physical_total_ms,profiled_physical_ms,gpu_kernel_total_ms,gpu_activity_total_ms,consistency_error_pct,nonlinear_ms,quantization_overhead_ms,other_ms,compute_total_ms,linear_pct,nonlinear_pct,other_pct
/cephfs/shared/impact/LLM_models/llama2-13b-hf,FP16,4096,measured,passed,40c27a8aedea5475c19c3af676a21c722eae8ac0d9dcebf74df669298417d563,3bb82b90ab6cf09d73f609926c4187262b27e2e7b99a225aee971fcd40a59f16,20261005T133926Z-49cb46fc49,0,420.8755299999998,200.95314799999997,44.511418000000006,6.197264,50.970251000000026,118.26599399999996,224.7477220000001,0.0,0.0,0.0,0.0,0.0,148.93493699999996,1214.3214111328125,1255.9796142578125,1216.4024299999999,1216.4024299999999,0.08877145239577788,302.632081,148.93493699999996,343.01371600000004,1066.521327,39.46245793170152,28.375623940992234,32.16191812730624
/cephfs/shared/impact/LLM_models/llama2-13b-hf,FP16,4096,measured,passed,40c27a8aedea5475c19c3af676a21c722eae8ac0d9dcebf74df669298417d563,3bb82b90ab6cf09d73f609926c4187262b27e2e7b99a225aee971fcd40a59f16,20261005T133926Z-49cb46fc49,1,421.9273949999999,201.65704899999992,44.65213700000004,6.211374000000001,51.027802000000015,118.67454599999999,225.14629299999982,0.0,0.0,0.0,0.0,0.0,149.254168,1210.1961669921875,1256.1014404296875,1219.7992629999999,1219.799263,0.08939870571893986,303.548362,149.254168,343.8208389999998,1069.2965959999997,39.45840626242861,28.387667475563543,32.15392626200784
/cephfs/shared/impact/LLM_models/llama2-13b-hf,FP16,4096,measured,passed,40c27a8aedea5475c19c3af676a21c722eae8ac0d9dcebf74df669298417d563,3bb82b90ab6cf09d73f609926c4187262b27e2e7b99a225aee971fcd40a59f16,20261005T133926Z-49cb46fc49,2,421.90101199999987,201.77320200000003,44.56494800000001,6.2108,50.994074000000076,119.51395699999995,225.2127119999999,0.0,0.0,0.0,0.0,0.0,149.206561,1212.8782958984375,1256.918212890625,1219.6146840000001,1219.614684,2.1244456173093774e-14,303.5430240000001,149.206561,344.72666899999984,1070.1707049999998,39.42371156571698,28.36398180045493,32.2123066338281
/cephfs/shared/impact/LLM_models/llama2-13b-hf,FP16,4096,measured,passed,40c27a8aedea5475c19c3af676a21c722eae8ac0d9dcebf74df669298417d563,3bb82b90ab6cf09d73f609926c4187262b27e2e7b99a225aee971fcd40a59f16,20261005T133926Z-49cb46fc49,3,421.97770699999995,201.87547400000008,44.54607299999996,6.209237999999998,51.017285,118.43526199999998,225.270836,0.0,0.0,0.0,0.0,0.0,149.32700100000005,1215.3302001953125,1255.8624267578125,1219.3912710000002,1219.391271,0.08914777322805797,303.64807,149.32700100000005,343.706098,1069.3318749999999,39.461809459294386,28.396055247114006,32.14213529359162
/cephfs/shared/impact/LLM_models/llama2-13b-hf,FP16,4096,measured,passed,40c27a8aedea5475c19c3af676a21c722eae8ac0d9dcebf74df669298417d563,3bb82b90ab6cf09d73f609926c4187262b27e2e7b99a225aee971fcd40a59f16,20261005T133926Z-49cb46fc49,4,422.0754859999999,202.00111600000002,44.57259799999996,6.213106999999999,51.05481100000001,118.56577100000003,225.28673399999994,0.0,0.0,0.0,0.0,0.0,149.40200499999997,1216.310302734375,1259.5213623046875,1220.1296340000001,1220.1296340000001,0.08936976434989177,303.841632,149.40200499999997,343.85250499999995,1069.7696229999997,39.45480194290393,28.402529429460166,32.14266862763592
/cephfs/shared/impact/LLM_models/llama2-13b-hf,FP16,4096,measured,passed,40c27a8aedea5475c19c3af676a21c722eae8ac0d9dcebf74df669298417d563,3bb82b90ab6cf09d73f609926c4187262b27e2e7b99a225aee971fcd40a59f16,20261005T133926Z-49cb46fc49,5,423.6288869999997,201.67678599999996,44.69529399999997,6.234223,51.13873300000003,118.68461999999998,225.21177699999996,0.0,0.0,0.0,0.0,0.0,149.434347,1216.369140625,1258.849609375,1221.6368069999999,1221.636807,0.08845027194890884,303.74503599999997,149.434347,343.8963969999999,1071.2703199999996,39.54453690082628,28.353724576258223,32.10173852291549
/cephfs/shared/impact/LLM_models/llama2-13b-hf,FP16,4096,measured,passed,40c27a8aedea5475c19c3af676a21c722eae8ac0d9dcebf74df669298417d563,3bb82b90ab6cf09d73f609926c4187262b27e2e7b99a225aee971fcd40a59f16,20261005T133926Z-49cb46fc49,6,423.25023200000004,202.46835699999997,44.71233899999998,6.231344,51.11883100000005,119.73351999999998,225.51353799999995,0.0,0.0,0.0,0.0,0.0,149.65728299999995,1217.3228759765625,1259.36376953125,1222.493342,1222.493342,2.1193421628672925e-14,304.530871,149.65728299999995,345.2470579999999,1073.028161,39.444466360095845,28.38051060246125,32.175023037442905
/cephfs/shared/impact/LLM_models/llama2-13b-hf,FP16,4096,measured,passed,40c27a8aedea5475c19c3af676a21c722eae8ac0d9dcebf74df669298417d563,3bb82b90ab6cf09d73f609926c4187262b27e2e7b99a225aee971fcd40a59f16,20261005T133926Z-49cb46fc49,7,424.096355,202.618974,44.742519,6.228752999999999,51.129085000000025,118.95022100000001,225.69038900000012,0.0,0.0,0.0,0.0,0.0,149.59640899999997,1218.7156982421875,1261.0882568359375,1224.226132,1224.226132,0.08884182235471605,304.719331,149.59640899999997,344.64061000000015,1073.4562960000003,39.50755671938413,28.38674775447029,32.10569552614558
/cephfs/shared/impact/LLM_models/llama2-13b-hf,FP16,4096,measured,passed,40c27a8aedea5475c19c3af676a21c722eae8ac0d9dcebf74df669298417d563,3bb82b90ab6cf09d73f609926c4187262b27e2e7b99a225aee971fcd40a59f16,20261005T133926Z-49cb46fc49,8,423.56016499999987,202.44383800000003,44.73539600000002,6.225807999999999,51.12362700000005,118.88504300000002,225.6132069999999,0.0,0.0,0.0,0.0,0.0,149.63148800000002,1214.8638916015625,1260.1810302734375,1223.408532,1223.408532,0.08881788691317534,304.5286690000001,149.63148800000002,344.4982499999999,1072.5870839999998,39.489582833723546,28.39197614279683,32.11844102347964
/cephfs/shared/impact/LLM_models/llama2-13b-hf,FP16,4096,measured,passed,40c27a8aedea5475c19c3af676a21c722eae8ac0d9dcebf74df669298417d563,3bb82b90ab6cf09d73f609926c4187262b27e2e7b99a225aee971fcd40a59f16,20261005T133926Z-49cb46fc49,9,423.5023740000004,202.32622800000004,44.736261000000006,6.2250689999999995,51.123494000000065,118.94822399999998,225.53460700000008,0.0,0.0,0.0,0.0,0.0,149.6507600000001,1216.185302734375,1259.9444580078125,1222.998399,1222.998399,0.08863689315848135,304.4110520000001,149.6507600000001,344.48283100000003,1072.3962570000006,39.49122082771314,28.386060657427297,32.12271851485956
/cephfs/shared/impact/LLM_models/llama2-13b-hf,FP16,4096,measured,passed,40c27a8aedea5475c19c3af676a21c722eae8ac0d9dcebf74df669298417d563,3bb82b90ab6cf09d73f609926c4187262b27e2e7b99a225aee971fcd40a59f16,20261005T133926Z-49cb46fc49,10,423.78515100000004,202.68168899999995,44.70767499999999,6.227346999999999,51.1558,118.92524099999997,225.69136400000008,0.0,0.0,0.0,0.0,0.0,149.738777,1214.8541259765625,1260.0511474609375,1223.923086,1223.9230859999998,0.08911003372323394,304.77251099999995,149.738777,344.61660500000005,1073.1742669999999,39.488940802193135,28.399163152874962,32.11189604493192
/cephfs/shared/impact/LLM_models/llama2-13b-hf,FP16,4096,measured,passed,40c27a8aedea5475c19c3af676a21c722eae8ac0d9dcebf74df669298417d563,3bb82b90ab6cf09d73f609926c4187262b27e2e7b99a225aee971fcd40a59f16,20261005T133926Z-49cb46fc49,11,424.0862329999998,202.56790300000006,44.71452499999999,6.229005,51.08772300000005,118.89688999999998,225.56013999999993,0.0,0.0,0.0,0.0,0.0,149.77665,1218.0675048828125,1262.116455078125,1224.1703800000003,1224.1703799999998,0.08869801144634246,304.5991560000001,149.77665,344.4570299999999,1073.1424189999998,39.518168836824245,28.38385200389699,32.09797915927876
/cephfs/shared/impact/LLM_models/llama2-13b-hf,FP16,4096,measured,passed,40c27a8aedea5475c19c3af676a21c722eae8ac0d9dcebf74df669298417d563,3bb82b90ab6cf09d73f609926c4187262b27e2e7b99a225aee971fcd40a59f16,20261005T133926Z-49cb46fc49,12,424.41858000000013,202.492357,44.736871,6.239343000000001,51.16327500000003,118.90139600000002,225.43872600000012,0.0,0.0,0.0,0.0,0.0,149.6915720000001,1219.38427734375,1260.5548095703125,1224.081594,1224.081594,0.08890036000060425,304.63184600000005,149.6915720000001,344.3401220000001,1073.3905480000003,39.53999602388897,28.38033617564517,32.07966780046586
/cephfs/shared/impact/LLM_models/llama2-13b-hf,FP16,4096,measured,passed,40c27a8aedea5475c19c3af676a21c722eae8ac0d9dcebf74df669298417d563,3bb82b90ab6cf09d73f609926c4187262b27e2e7b99a225aee971fcd40a59f16,20261005T133926Z-49cb46fc49,13,423.5374829999998,202.223962,44.676400000000044,6.232267999999999,51.12414399999999,119.71709399999997,225.42195300000003,0.0,0.0,0.0,0.0,0.0,149.58112099999994,1216.9071044921875,1259.7025146484375,1222.552639,1222.552639,4.23893470671191e-14,304.256774,149.58112099999994,345.139047,1072.9333039999997,39.47472610096181,28.357473187354813,32.16780071168339
/cephfs/shared/impact/LLM_models/llama2-13b-hf,FP16,4096,measured,passed,40c27a8aedea5475c19c3af676a21c722eae8ac0d9dcebf74df669298417d563,3bb82b90ab6cf09d73f609926c4187262b27e2e7b99a225aee971fcd40a59f16,20261005T133926Z-49cb46fc49,14,423.41867299999956,202.54341799999997,44.707508999999995,6.2274020000000005,51.107904000000055,118.86406900000001,225.61894100000012,0.0,0.0,0.0,0.0,0.0,149.64928200000008,1217.634033203125,1259.9871826171875,1222.757282,1222.7572819999998,0.08895190418855319,304.58623300000005,149.64928200000008,344.48301000000015,1072.4879159999998,39.48004137698831,28.399968750790112,32.11998987222157
/cephfs/shared/impact/LLM_models/llama2-13b-hf,FP16,4096,measured,passed,40c27a8aedea5475c19c3af676a21c722eae8ac0d9dcebf74df669298417d563,3bb82b90ab6cf09d73f609926c4187262b27e2e7b99a225aee971fcd40a59f16,20261005T133926Z-49cb46fc49,15,423.588292,202.36689299999998,44.677009999999974,6.220811999999998,51.13094000000004,118.73655299999999,225.4514639999999,0.0,0.0,0.0,0.0,0.0,149.61168200000003,1217.3304443359375,1260.956298828125,1222.7985449999999,1222.7985449999999,0.08876621315235128,304.395655,149.61168200000003,344.1880169999999,1072.171964,39.50749564647263,28.390562822066105,32.101941531461264
/cephfs/shared/impact/LLM_models/llama2-13b-hf,FP16,4096,measured,passed,40c27a8aedea5475c19c3af676a21c722eae8ac0d9dcebf74df669298417d563,3bb82b90ab6cf09d73f609926c4187262b27e2e7b99a225aee971fcd40a59f16,20261005T133926Z-49cb46fc49,16,423.6071559999997,202.669864,44.71256200000002,6.224517999999999,51.10918700000002,118.881417,225.74262000000002,0.0,0.0,0.0,0.0,0.0,149.70169900000002,1213.447509765625,1259.8822021484375,1223.3245169999998,1223.324517,0.08845690893842495,304.716131,149.70169900000002,344.62403700000004,1072.9473239999998,39.48070390080024,28.399915278599465,32.1193808206003
/cephfs/shared/impact/LLM_models/llama2-13b-hf,FP16,4096,measured,passed,40c27a8aedea5475c19c3af676a21c722eae8ac0d9dcebf74df669298417d563,3bb82b90ab6cf09d73f609926c4187262b27e2e7b99a225aee971fcd40a59f16,20261005T133926Z-49cb46fc49,17,423.6635359999999,202.67406400000002,44.729782000000014,6.230094,51.121386000000015,119.87118599999995,225.71132099999988,0.0,0.0,0.0,0.0,0.0,149.68859799999996,1218.185791015625,1260.92138671875,1223.652902,1223.652902,2.117143694593708e-14,304.755326,149.68859799999996,345.58250699999985,1074.0013689999998,39.44720632846791,28.37569250807911,32.177101163452974
/cephfs/shared/impact/LLM_models/llama2-13b-hf,FP16,4096,measured,passed,40c27a8aedea5475c19c3af676a21c722eae8ac0d9dcebf74df669298417d563,3bb82b90ab6cf09d73f609926c4187262b27e2e7b99a225aee971fcd40a59f16,20261005T133926Z-49cb46fc49,18,423.2260589999999,202.847102,44.727263,6.227243999999999,51.10695500000007,118.83490400000001,225.64377800000008,0.0,0.0,0.0,0.0,0.0,149.733678,1215.16748046875,1260.7232666015625,1223.302556,1223.302556,0.08900900720782243,304.90856400000007,149.733678,344.4786820000001,1072.613305,39.457468691384534,28.42669977881731,32.11583152979816
/cephfs/shared/impact/LLM_models/llama2-13b-hf,FP16,4096,measured,passed,40c27a8aedea5475c19c3af676a21c722eae8ac0d9dcebf74df669298417d563,3bb82b90ab6cf09d73f609926c4187262b27e2e7b99a225aee971fcd40a59f16,20261005T133926Z-49cb46fc49,19,423.82988099999994,202.56812200000005,44.761293999999964,6.236492999999999,51.17111500000009,119.043624,225.5941969999999,0.0,0.0,0.0,0.0,0.0,149.84826800000002,1215.743896484375,1260.67724609375,1223.8331170000001,1223.8331170000001,0.08824199840802634,304.7370240000001,149.84826800000002,344.6378209999999,1073.204726,39.491987943407544,28.395050507818965,32.11296154877349
/cephfs/shared/impact/LLM_models/llama2-13b-hf,FP16,4096,measured,passed,40c27a8aedea5475c19c3af676a21c722eae8ac0d9dcebf74df669298417d563,3bb82b90ab6cf09d73f609926c4187262b27e2e7b99a225aee971fcd40a59f16,20261005T133926Z-49cb46fc49,20,424.0315579999998,201.91503300000002,44.680128999999965,6.226761999999996,51.14107200000011,118.78518600000001,225.49931599999994,0.0,0.0,0.0,0.0,0.0,149.56890599999994,1217.7684326171875,1260.142822265625,1222.809391,1222.809391,0.08873807998403144,303.9629960000001,149.56890599999994,344.284502,1072.2790559999999,39.54488858355542,28.347377886302773,32.10773353014181
/cephfs/shared/impact/LLM_models/llama2-13b-hf,FP16,4096,measured,passed,40c27a8aedea5475c19c3af676a21c722eae8ac0d9dcebf74df669298417d563,3bb82b90ab6cf09d73f609926c4187262b27e2e7b99a225aee971fcd40a59f16,20261005T133926Z-49cb46fc49,21,423.79646399999996,202.66070800000006,44.70915799999999,6.227376999999997,51.145655000000104,118.05066900000003,225.56266700000003,0.0,0.0,0.0,0.0,0.0,149.71079800000004,1219.2861328125,1260.1754150390625,1224.0494170000002,1224.049417,0.17729902559842786,304.74289800000014,149.71079800000004,343.61333600000006,1072.152698,39.52762183880639,28.423460442572157,32.04891771862146
/cephfs/shared/impact/LLM_models/llama2-13b-hf,FP16,4096,measured,passed,40c27a8aedea5475c19c3af676a21c722eae8ac0d9dcebf74df669298417d563,3bb82b90ab6cf09d73f609926c4187262b27e2e7b99a225aee971fcd40a59f16,20261005T133926Z-49cb46fc49,22,423.43886099999986,202.55546300000003,44.749857999999975,6.224837999999998,51.114103000000036,119.03961900000009,225.731951,0.0,0.0,0.0,0.0,0.0,149.65364300000002,1215.6513671875,1260.5594482421875,1223.491829,1223.4918289999998,0.08847422380634559,304.644262,149.65364300000002,344.7715700000001,1072.854693,39.46842603782131,28.395668489656316,32.135905472522374
/cephfs/shared/impact/LLM_models/llama2-13b-hf,FP16,4096,measured,passed,40c27a8aedea5475c19c3af676a21c722eae8ac0d9dcebf74df669298417d563,3bb82b90ab6cf09d73f609926c4187262b27e2e7b99a225aee971fcd40a59f16,20261005T133926Z-49cb46fc49,23,423.43168599999973,202.45386299999996,44.679566,6.224076999999999,51.111306000000056,118.80994799999998,225.59356699999995,0.0,0.0,0.0,0.0,0.0,149.62732900000003,1218.1197509765625,1259.0279541015625,1222.9209110000002,1222.9209110000002,0.08892450453508495,304.468812,149.62732900000003,344.4035149999999,1072.3040129999997,39.48802586454555,28.393889075187122,32.118085060267326
/cephfs/shared/impact/LLM_models/llama2-13b-hf,FP16,4096,measured,passed,40c27a8aedea5475c19c3af676a21c722eae8ac0d9dcebf74df669298417d563,3bb82b90ab6cf09d73f609926c4187262b27e2e7b99a225aee971fcd40a59f16,20261005T133926Z-49cb46fc49,24,423.6654509999999,202.58779299999995,44.768109,6.2266699999999995,51.12342,119.93530199999995,225.68908000000005,0.0,0.0,0.0,0.0,0.0,149.6811129999999,1215.3790283203125,1260.3271484375,1223.750708,1223.750708,0.0,304.705992,149.6811129999999,345.62438199999997,1073.995825,39.447588262272795,28.371245484124668,32.18116625360252
/cephfs/shared/impact/LLM_models/llama2-13b-hf,FP16,4096,measured,passed,40c27a8aedea5475c19c3af676a21c722eae8ac0d9dcebf74df669298417d563,3bb82b90ab6cf09d73f609926c4187262b27e2e7b99a225aee971fcd40a59f16,20261005T133926Z-49cb46fc49,25,423.38921400000015,202.74053300000006,44.719362999999944,6.227025,51.11311000000004,118.885579,225.6812190000001,0.0,0.0,0.0,0.0,0.0,149.69372800000005,1215.5098876953125,1259.914306640625,1223.498824,1223.498824,0.08905541227532485,304.80003100000005,149.69372800000005,344.5667980000001,1072.7560430000003,39.46742754447481,28.412800187786956,32.119772267738234
/cephfs/shared/impact/LLM_models/llama2-13b-hf,FP16,4096,measured,passed,40c27a8aedea5475c19c3af676a21c722eae8ac0d9dcebf74df669298417d563,3bb82b90ab6cf09d73f609926c4187262b27e2e7b99a225aee971fcd40a59f16,20261005T133926Z-49cb46fc49,26,423.33748200000025,202.369409,44.737143000000025,6.225033999999999,51.1226960000001,118.956039,225.50141500000007,0.0,0.0,0.0,0.0,0.0,149.72405700000002,1217.7596435546875,1260.939208984375,1223.330063,1223.330063,0.08850600956777349,304.4542820000001,149.72405700000002,344.4574540000001,1072.2492180000004,39.48125817145619,28.3939849886652,32.124756839878614
/cephfs/shared/impact/LLM_models/llama2-13b-hf,FP16,4096,measured,passed,40c27a8aedea5475c19c3af676a21c722eae8ac0d9dcebf74df669298417d563,3bb82b90ab6cf09d73f609926c4187262b27e2e7b99a225aee971fcd40a59f16,20261005T133926Z-49cb46fc49,27,423.95068399999997,202.528821,44.724985000000004,6.23073,51.138425,118.81993299999999,225.7594189999999,0.0,0.0,0.0,0.0,0.0,149.60490600000003,1215.7362060546875,1259.81689453125,1223.705951,1223.705951,0.08882488332369982,304.622961,149.60490600000003,344.57935199999986,1073.1529969999997,39.505148397773155,28.385790455934405,32.10906114629245
/cephfs/shared/impact/LLM_models/llama2-13b-hf,FP16,4096,measured,passed,40c27a8aedea5475c19c3af676a21c722eae8ac0d9dcebf74df669298417d563,3bb82b90ab6cf09d73f609926c4187262b27e2e7b99a225aee971fcd40a59f16,20261005T133926Z-49cb46fc49,28,423.7441510000001,202.31906599999996,44.71084200000003,6.230853999999999,51.16448800000009,119.79391,225.45835399999982,0.0,0.0,0.0,0.0,0.0,149.67319100000006,1218.77001953125,1259.6494140625,1223.1242309999998,1223.124231,4.236315089515682e-14,304.42525000000006,149.67319100000006,345.2522639999998,1073.4216649999998,39.47601998511928,28.36026697858759,32.16371303629313
/cephfs/shared/impact/LLM_models/llama2-13b-hf,FP16,4096,measured,passed,40c27a8aedea5475c19c3af676a21c722eae8ac0d9dcebf74df669298417d563,3bb82b90ab6cf09d73f609926c4187262b27e2e7b99a225aee971fcd40a59f16,20261005T133926Z-49cb46fc49,29,423.2270739999997,202.41117600000007,44.650547,6.222954,51.104971000000035,119.68529199999996,225.44140599999992,0.0,0.0,0.0,0.0,0.0,149.54115199999995,1218.841796875,1268.35400390625,1222.284572,1222.284572,4.2391064107991834e-14,304.3896480000001,149.54115199999995,345.12669799999986,1072.7434199999996,39.45277744048058,28.374879055422237,32.17234350409719
/cephfs/shared/impact/LLM_models/llama2-13b-hf,FP16,4096,measured,passed,40c27a8aedea5475c19c3af676a21c722eae8ac0d9dcebf74df669298417d563,3bb82b90ab6cf09d73f609926c4187262b27e2e7b99a225aee971fcd40a59f16,20261005T133926Z-49cb46fc49,30,423.2113,202.52953300000004,44.765278,6.226095,51.147419,118.995733,225.62338399999996,0.0,0.0,0.0,0.0,0.0,149.70690900000005,1216.59326171875,1259.525390625,1223.152608,1223.152608,0.08847368813203137,304.66832500000004,149.70690900000005,344.61911699999996,1072.498742,39.46030735763791,28.407336350982877,32.13235629137922
/cephfs/shared/impact/LLM_models/llama2-13b-hf,FP16,4096,measured,passed,40c27a8aedea5475c19c3af676a21c722eae8ac0d9dcebf74df669298417d563,3bb82b90ab6cf09d73f609926c4187262b27e2e7b99a225aee971fcd40a59f16,20261005T133926Z-49cb46fc49,31,423.90219200000007,202.707723,44.770613,6.234056,51.15677900000003,119.045714,225.7283330000001,0.0,0.0,0.0,0.0,0.0,149.779978,1215.3839111328125,1260.5286865234375,1224.3296169999999,1224.329617,0.08848805721038161,304.869171,149.779978,344.7740470000001,1073.5454100000002,39.48619108715671,28.398348887728925,32.11546002511436
