model,precision,seq_len,measurement_kind,validation_status,fairness_id,token_sha256,run_id,sample_id,repeat_id,linear_ms,softmax_ms,rope_ms,silu_ms,rmsnorm_ms,attention_matmul_ms,other_compute_ms,quantize_ms,dequantize_ms,requantize_ms,scale_ms,packing_ms,conversion_ms,nonlinear_ms,quantization_overhead_ms,other_ms,compute_total_ms,linear_pct,nonlinear_pct,other_pct,physical_total_ms,profiled_physical_ms,gpu_kernel_total_ms,gpu_activity_total_ms,consistency_error_pct
/cephfs/shared/impact/LLM_models/llama2-13b-hf,FP16,4096,measured,passed,40c27a8aedea5475c19c3af676a21c722eae8ac0d9dcebf74df669298417d563,3bb82b90ab6cf09d73f609926c4187262b27e2e7b99a225aee971fcd40a59f16,20261005T133926Z-49cb46fc49,0,0,420.8755299999998,200.95314799999997,44.511418000000006,6.197264,50.970251000000026,118.26599399999996,224.7477220000001,0.0,0.0,0.0,0.0,0.0,148.93493699999996,302.632081,148.93493699999996,343.01371600000004,1066.521327,39.46245793170152,28.375623940992234,32.16191812730624,1214.4283447265625,1253.7144775390625,1216.4024299999999,1216.4024299999999,0.08863651644705853
/cephfs/shared/impact/LLM_models/llama2-13b-hf,FP16,4096,measured,passed,40c27a8aedea5475c19c3af676a21c722eae8ac0d9dcebf74df669298417d563,3bb82b90ab6cf09d73f609926c4187262b27e2e7b99a225aee971fcd40a59f16,20261005T133926Z-49cb46fc49,0,1,419.5678299999997,199.91763400000005,44.340721,6.1852599999999995,50.84627300000001,117.734399,224.50583800000007,0.0,0.0,0.0,0.0,0.0,148.33835399999995,301.2898880000001,148.33835399999995,342.2402370000001,1063.0979549999997,39.46652592328614,28.340745702967713,32.192728373746164,1213.788330078125,1476.165771484375,1212.3808749999998,1212.380875,0.08877145239577788
/cephfs/shared/impact/LLM_models/llama2-13b-hf,FP16,4096,measured,passed,40c27a8aedea5475c19c3af676a21c722eae8ac0d9dcebf74df669298417d563,3bb82b90ab6cf09d73f609926c4187262b27e2e7b99a225aee971fcd40a59f16,20261005T133926Z-49cb46fc49,0,2,422.16961499999996,201.76757600000002,44.60376099999998,6.207888000000001,51.03230800000006,118.595772,225.1649539999999,0.0,0.0,0.0,0.0,0.0,149.19870399999996,303.61153300000007,149.19870399999996,343.7607259999999,1069.541874,39.47200434716219,28.387063693403373,32.14093195943443,1214.3214111328125,1255.9796142578125,1219.691288,1219.691288,0.08881051715908682
/cephfs/shared/impact/LLM_models/llama2-13b-hf,FP16,4096,measured,passed,40c27a8aedea5475c19c3af676a21c722eae8ac0d9dcebf74df669298417d563,3bb82b90ab6cf09d73f609926c4187262b27e2e7b99a225aee971fcd40a59f16,20261005T133926Z-49cb46fc49,1,0,421.12616600000007,201.48803899999996,44.51050600000003,6.208971,50.969592000000056,118.435343,225.018195,0.0,0.0,0.0,0.0,0.0,149.09973799999997,303.17710800000003,149.09973799999997,343.453538,1067.756812,39.44026966320118,28.39383505614198,32.16589528065684,1213.052001953125,1254.2294921875,1217.812188,1217.812188,0.08941956276453364
/cephfs/shared/impact/LLM_models/llama2-13b-hf,FP16,4096,measured,passed,40c27a8aedea5475c19c3af676a21c722eae8ac0d9dcebf74df669298417d563,3bb82b90ab6cf09d73f609926c4187262b27e2e7b99a225aee971fcd40a59f16,20261005T133926Z-49cb46fc49,1,1,421.9273949999999,201.77989699999998,44.658289000000046,6.211374000000001,51.04722400000002,118.67454599999999,225.20945499999993,0.0,0.0,0.0,0.0,0.0,149.33410100000003,303.69678400000004,149.33410100000003,343.8840009999999,1069.5081799999998,39.45060008797688,28.395929052174253,32.153470859848866,1210.1961669921875,1256.307373046875,1219.7992629999999,1219.799263,0.08939870571893986
/cephfs/shared/impact/LLM_models/llama2-13b-hf,FP16,4096,measured,passed,40c27a8aedea5475c19c3af676a21c722eae8ac0d9dcebf74df669298417d563,3bb82b90ab6cf09d73f609926c4187262b27e2e7b99a225aee971fcd40a59f16,20261005T133926Z-49cb46fc49,1,2,422.4274879999999,201.65704899999992,44.65213700000004,6.211599,51.027802000000015,119.66609400000002,225.14629299999982,0.0,0.0,0.0,0.0,0.0,149.254168,303.548587,149.254168,344.81238699999983,1070.7884619999998,39.450134456155546,28.34813763617114,32.201727907673316,1208.7060546875,1256.1014404296875,1220.0426299999997,1220.04263,2.1234229122953704e-14
/cephfs/shared/impact/LLM_models/llama2-13b-hf,FP16,4096,measured,passed,40c27a8aedea5475c19c3af676a21c722eae8ac0d9dcebf74df669298417d563,3bb82b90ab6cf09d73f609926c4187262b27e2e7b99a225aee971fcd40a59f16,20261005T133926Z-49cb46fc49,2,0,421.90101199999987,201.77320200000003,44.58984499999998,6.209232999999999,50.994074000000076,119.73265700000003,225.22725700000007,0.0,0.0,0.0,0.0,0.0,149.206561,303.5663540000001,149.206561,344.9599140000001,1070.42728,39.414261938466275,28.35936262760419,32.226375433929526,1210.40771484375,1256.918212890625,1219.633841,1219.633841,0.0
/cephfs/shared/impact/LLM_models/llama2-13b-hf,FP16,4096,measured,passed,40c27a8aedea5475c19c3af676a21c722eae8ac0d9dcebf74df669298417d563,3bb82b90ab6cf09d73f609926c4187262b27e2e7b99a225aee971fcd40a59f16,20261005T133926Z-49cb46fc49,2,1,421.78473199999996,201.97018799999992,44.56494800000001,6.2108,51.01564900000006,119.51395699999995,225.2127119999999,0.0,0.0,0.0,0.0,0.0,149.34169800000006,303.76158499999997,149.34169800000006,344.72666899999984,1070.2729859999997,39.4090795074968,28.38169223865658,32.209228253846625,1212.8782958984375,1256.5009765625,1219.6146840000001,1219.614684,2.1244456173093774e-14
/cephfs/shared/impact/LLM_models/llama2-13b-hf,FP16,4096,measured,passed,40c27a8aedea5475c19c3af676a21c722eae8ac0d9dcebf74df669298417d563,3bb82b90ab6cf09d73f609926c4187262b27e2e7b99a225aee971fcd40a59f16,20261005T133926Z-49cb46fc49,2,2,421.90793600000006,201.56300499999998,44.44889699999999,6.211854000000001,50.96925399999999,117.261424,224.93880200000015,0.0,0.0,0.0,0.0,0.0,149.03358699999998,303.19300999999996,149.03358699999998,342.20022600000016,1067.3011720000002,39.53035441808734,28.407446553426997,32.062199028485665,1214.712890625,1614.7530517578125,1218.241395,1218.241395,0.17832230420823253
/cephfs/shared/impact/LLM_models/llama2-13b-hf,FP16,4096,measured,passed,40c27a8aedea5475c19c3af676a21c722eae8ac0d9dcebf74df669298417d563,3bb82b90ab6cf09d73f609926c4187262b27e2e7b99a225aee971fcd40a59f16,20261005T133926Z-49cb46fc49,3,0,421.33974900000015,201.7493,44.500586999999996,6.2085289999999995,50.97881500000001,117.38659500000001,225.270836,0.0,0.0,0.0,0.0,0.0,149.154288,303.437231,149.154288,342.65743100000003,1067.4344110000002,39.472190952255154,28.426779938238276,32.10102910950657,1215.3302001953125,1255.396728515625,1218.5034309999999,1218.503431,0.17905583153396307
/cephfs/shared/impact/LLM_models/llama2-13b-hf,FP16,4096,measured,passed,40c27a8aedea5475c19c3af676a21c722eae8ac0d9dcebf74df669298417d563,3bb82b90ab6cf09d73f609926c4187262b27e2e7b99a225aee971fcd40a59f16,20261005T133926Z-49cb46fc49,3,1,422.3358799999999,202.032947,44.578174999999995,6.210216999999999,51.02879400000005,118.46019099999997,225.32880799999995,0.0,0.0,0.0,0.0,0.0,149.33511099999996,303.850133,149.33511099999996,343.78899899999993,1069.9750119999999,39.47156478080443,28.3978718747873,32.13056334440827,1215.70166015625,1257.1796875,1220.2648330000002,1220.2648330000002,0.08914777322805797
/cephfs/shared/impact/LLM_models/llama2-13b-hf,FP16,4096,measured,passed,40c27a8aedea5475c19c3af676a21c722eae8ac0d9dcebf74df669298417d563,3bb82b90ab6cf09d73f609926c4187262b27e2e7b99a225aee971fcd40a59f16,20261005T133926Z-49cb46fc49,3,2,421.97770699999995,201.87547400000008,44.54607299999996,6.209237999999998,51.017285,118.43526199999998,225.05274500000013,0.0,0.0,0.0,0.0,0.0,149.32700100000005,303.64807,149.32700100000005,343.4880070000001,1069.1137840000001,39.469859365315216,28.40184782427237,32.12829281041241,1212.44970703125,1255.8624267578125,1219.3912710000002,1219.391271,0.08882513197078602
/cephfs/shared/impact/LLM_models/llama2-13b-hf,FP16,4096,measured,passed,40c27a8aedea5475c19c3af676a21c722eae8ac0d9dcebf74df669298417d563,3bb82b90ab6cf09d73f609926c4187262b27e2e7b99a225aee971fcd40a59f16,20261005T133926Z-49cb46fc49,4,0,422.0754859999999,202.00111600000002,44.57259799999996,6.213106999999999,51.05481100000001,118.56577100000003,225.28673399999994,0.0,0.0,0.0,0.0,0.0,149.40200499999997,303.841632,149.40200499999997,343.85250499999995,1069.7696229999997,39.45480194290393,28.402529429460166,32.14266862763592,1217.544677734375,1257.4417724609375,1220.1296340000001,1220.1296340000001,0.08947242735253291
/cephfs/shared/impact/LLM_models/llama2-13b-hf,FP16,4096,measured,passed,40c27a8aedea5475c19c3af676a21c722eae8ac0d9dcebf74df669298417d563,3bb82b90ab6cf09d73f609926c4187262b27e2e7b99a225aee971fcd40a59f16,20261005T133926Z-49cb46fc49,4,1,423.9196559999999,202.13406300000003,44.74905900000005,6.222960999999999,51.115539000000055,119.938796,225.44154099999983,0.0,0.0,0.0,0.0,0.0,149.50898000000007,304.22162200000014,149.50898000000007,345.3803369999998,1073.5216149999999,39.48869310842893,28.338658276573238,32.17264861499783,1216.310302734375,1259.5213623046875,1223.0305950000002,1223.030595,0.0
/cephfs/shared/impact/LLM_models/llama2-13b-hf,FP16,4096,measured,passed,40c27a8aedea5475c19c3af676a21c722eae8ac0d9dcebf74df669298417d563,3bb82b90ab6cf09d73f609926c4187262b27e2e7b99a225aee971fcd40a59f16,20261005T133926Z-49cb46fc49,4,2,421.605395,200.76120400000002,44.405015,6.2006570000000005,50.99879000000005,118.16584600000002,224.5697929999999,0.0,0.0,0.0,0.0,0.0,148.874906,302.3656660000001,148.874906,342.7356389999999,1066.7067,39.524022395284476,28.345717337296193,32.13026026741933,1213.317138671875,1501.4102783203125,1216.535772,1216.5357720000002,0.08936976434989177
/cephfs/shared/impact/LLM_models/llama2-13b-hf,FP16,4096,measured,passed,40c27a8aedea5475c19c3af676a21c722eae8ac0d9dcebf74df669298417d563,3bb82b90ab6cf09d73f609926c4187262b27e2e7b99a225aee971fcd40a59f16,20261005T133926Z-49cb46fc49,5,0,423.6288869999997,201.67678599999996,44.69529399999997,6.237777,51.149644,118.68461999999998,225.19013200000003,0.0,0.0,0.0,0.0,0.0,149.39420200000006,303.75950099999994,149.39420200000006,343.874752,1071.2631399999996,39.54480194287277,28.35526488851283,32.099933168614406,1216.369140625,1258.033935546875,1221.605716,1221.605716,0.08845027194890884
/cephfs/shared/impact/LLM_models/llama2-13b-hf,FP16,4096,measured,passed,40c27a8aedea5475c19c3af676a21c722eae8ac0d9dcebf74df669298417d563,3bb82b90ab6cf09d73f609926c4187262b27e2e7b99a225aee971fcd40a59f16,20261005T133926Z-49cb46fc49,5,1,424.5783580000003,201.64618000000007,44.715762999999995,6.234223,51.13873300000003,118.883712,225.21177699999996,0.0,0.0,0.0,0.0,0.0,149.434347,303.7348990000001,149.434347,344.09548899999993,1072.4087460000005,39.59109430836366,28.322680147183355,32.086225544452965,1214.1844482421875,1259.1451416015625,1222.7896739999999,1222.7896739999999,0.08818896931782236
/cephfs/shared/impact/LLM_models/llama2-13b-hf,FP16,4096,measured,passed,40c27a8aedea5475c19c3af676a21c722eae8ac0d9dcebf74df669298417d563,3bb82b90ab6cf09d73f609926c4187262b27e2e7b99a225aee971fcd40a59f16,20261005T133926Z-49cb46fc49,5,2,422.8123740000004,202.26718899999997,44.632188,6.231759,51.08348699999999,118.66243699999995,225.4510739999999,0.0,0.0,0.0,0.0,0.0,149.538325,304.21462299999996,149.538325,344.11351099999985,1071.1405080000002,39.47310094634198,28.40100068365633,32.125898370001686,1218.5899658203125,1258.849609375,1221.6368069999999,1221.636807,0.08935503744141313
/cephfs/shared/impact/LLM_models/llama2-13b-hf,FP16,4096,measured,passed,40c27a8aedea5475c19c3af676a21c722eae8ac0d9dcebf74df669298417d563,3bb82b90ab6cf09d73f609926c4187262b27e2e7b99a225aee971fcd40a59f16,20261005T133926Z-49cb46fc49,6,0,423.25023200000004,202.46835699999997,44.66048899999996,6.231344,51.096255000000056,118.78414899999997,225.3907789999999,0.0,0.0,0.0,0.0,0.0,149.65728299999995,304.456445,149.65728299999995,344.17492799999985,1071.8816049999998,39.48665879008159,28.40392479727274,32.10941641264568,1216.9918212890625,1259.36376953125,1222.493342,1222.493342,0.08896550334911599
/cephfs/shared/impact/LLM_models/llama2-13b-hf,FP16,4096,measured,passed,40c27a8aedea5475c19c3af676a21c722eae8ac0d9dcebf74df669298417d563,3bb82b90ab6cf09d73f609926c4187262b27e2e7b99a225aee971fcd40a59f16,20261005T133926Z-49cb46fc49,6,1,423.414032,202.08192,44.721827999999995,6.2239179999999985,51.161487000000015,119.73351999999998,225.51353799999995,0.0,0.0,0.0,0.0,0.0,149.53068899999997,304.18915300000003,149.53068899999997,345.2470579999999,1072.8502429999999,39.466275443626856,28.35336571760464,32.18035883876851,1217.3228759765625,1258.7275390625,1222.3809319999998,1222.380932,2.1193421628672925e-14
/cephfs/shared/impact/LLM_models/llama2-13b-hf,FP16,4096,measured,passed,40c27a8aedea5475c19c3af676a21c722eae8ac0d9dcebf74df669298417d563,3bb82b90ab6cf09d73f609926c4187262b27e2e7b99a225aee971fcd40a59f16,20261005T133926Z-49cb46fc49,6,2,423.12675399999983,202.98716800000003,44.71233899999998,6.231505999999999,51.11883100000005,119.85637699999998,225.8434280000002,0.0,0.0,0.0,0.0,0.0,149.75290999999993,305.04984400000006,149.75290999999993,345.6998050000002,1073.8764030000002,39.40181130881966,28.406420249835772,32.19176844134456,1219.413330078125,1260.4989013671875,1223.629313,1223.6293130000001,0.0
/cephfs/shared/impact/LLM_models/llama2-13b-hf,FP16,4096,measured,passed,40c27a8aedea5475c19c3af676a21c722eae8ac0d9dcebf74df669298417d563,3bb82b90ab6cf09d73f609926c4187262b27e2e7b99a225aee971fcd40a59f16,20261005T133926Z-49cb46fc49,7,0,422.6681070000001,201.73552800000002,44.52572099999999,6.211213999999998,51.01896700000002,118.28352100000001,224.97351599999996,0.0,0.0,0.0,0.0,0.0,149.19845099999998,303.49143000000004,149.19845099999998,343.25703699999997,1069.416574,39.52324260499071,28.37915900862034,32.097598386388945,1217.178955078125,1471.584228515625,1219.5659590000002,1219.565959,0.08884182235471605
/cephfs/shared/impact/LLM_models/llama2-13b-hf,FP16,4096,measured,passed,40c27a8aedea5475c19c3af676a21c722eae8ac0d9dcebf74df669298417d563,3bb82b90ab6cf09d73f609926c4187262b27e2e7b99a225aee971fcd40a59f16,20261005T133926Z-49cb46fc49,7,1,424.096355,202.938338,44.742519,6.23259,51.135436000000006,118.95022100000001,225.89306299999998,0.0,0.0,0.0,0.0,0.0,149.77829799999998,305.048883,149.77829799999998,344.843284,1073.988522,39.487978345452,28.403365282892658,32.108656371655336,1218.8204345703125,1261.0882568359375,1224.722906,1224.722906,0.08894281555388887
/cephfs/shared/impact/LLM_models/llama2-13b-hf,FP16,4096,measured,passed,40c27a8aedea5475c19c3af676a21c722eae8ac0d9dcebf74df669298417d563,3bb82b90ab6cf09d73f609926c4187262b27e2e7b99a225aee971fcd40a59f16,20261005T133926Z-49cb46fc49,7,2,424.2983430000001,202.618974,44.747589000000005,6.228752999999999,51.129085000000025,118.962328,225.69038900000012,0.0,0.0,0.0,0.0,0.0,149.59640899999997,304.72440100000006,149.59640899999997,344.6527170000001,1073.6754610000003,39.51830496384978,28.381425492968397,32.10026954318182,1218.7156982421875,1260.9134521484375,1224.226132,1224.226132,0.08879914444723991
/cephfs/shared/impact/LLM_models/llama2-13b-hf,FP16,4096,measured,passed,40c27a8aedea5475c19c3af676a21c722eae8ac0d9dcebf74df669298417d563,3bb82b90ab6cf09d73f609926c4187262b27e2e7b99a225aee971fcd40a59f16,20261005T133926Z-49cb46fc49,8,0,423.56016499999987,202.44383800000003,44.74589900000003,6.225807999999999,51.12362700000005,117.939556,225.6132069999999,0.0,0.0,0.0,0.0,0.0,149.63148800000002,304.5391720000001,149.63148800000002,343.5527629999999,1071.6520999999998,39.524036298720446,28.41772735760049,32.05823634367907,1214.8638916015625,1260.6922607421875,1223.1826720000001,1223.182672,0.1768973876889814
/cephfs/shared/impact/LLM_models/llama2-13b-hf,FP16,4096,measured,passed,40c27a8aedea5475c19c3af676a21c722eae8ac0d9dcebf74df669298417d563,3bb82b90ab6cf09d73f609926c4187262b27e2e7b99a225aee971fcd40a59f16,20261005T133926Z-49cb46fc49,8,1,423.5429820000003,202.65284599999998,44.70703400000004,6.225775000000001,51.08298300000004,118.92455700000002,225.67557699999992,0.0,0.0,0.0,0.0,0.0,149.645876,304.66863800000004,149.645876,344.6001339999999,1072.8117540000003,39.4797111814642,28.39907717864172,32.12121163989408,1217.33154296875,1260.0174560546875,1223.408532,1223.408532,0.0885579317446096
/cephfs/shared/impact/LLM_models/llama2-13b-hf,FP16,4096,measured,passed,40c27a8aedea5475c19c3af676a21c722eae8ac0d9dcebf74df669298417d563,3bb82b90ab6cf09d73f609926c4187262b27e2e7b99a225aee971fcd40a59f16,20261005T133926Z-49cb46fc49,8,2,423.97293999999994,202.35492900000003,44.73539600000002,6.225940999999998,51.129652000000014,118.88504300000002,225.53284500000007,0.0,0.0,0.0,0.0,0.0,149.62859600000002,304.44591800000006,149.62859600000002,344.41788800000006,1072.836746,39.51886823235265,28.377655699723775,32.10347606792358,1214.7061767578125,1260.1810302734375,1223.41906,1223.41906,0.08881788691317534
/cephfs/shared/impact/LLM_models/llama2-13b-hf,FP16,4096,measured,passed,40c27a8aedea5475c19c3af676a21c722eae8ac0d9dcebf74df669298417d563,3bb82b90ab6cf09d73f609926c4187262b27e2e7b99a225aee971fcd40a59f16,20261005T133926Z-49cb46fc49,9,0,423.77903800000024,202.648811,44.75659500000002,6.2340009999999975,51.131063000000026,118.99264399999997,225.70034100000012,0.0,0.0,0.0,0.0,0.0,149.84244100000006,304.77047000000005,149.84244100000006,344.6929850000001,1073.2424930000004,39.48586090878905,28.397167647367827,32.11697144384312,1216.185302734375,1259.9444580078125,1224.035196,1224.035196,0.08846289416647679
/cephfs/shared/impact/LLM_models/llama2-13b-hf,FP16,4096,measured,passed,40c27a8aedea5475c19c3af676a21c722eae8ac0d9dcebf74df669298417d563,3bb82b90ab6cf09d73f609926c4187262b27e2e7b99a225aee971fcd40a59f16,20261005T133926Z-49cb46fc49,9,1,422.075196,201.839192,44.513455999999984,6.213773999999999,51.006980000000055,117.51470099999997,225.16113699999988,0.0,0.0,0.0,0.0,0.0,149.30026199999995,303.57340200000004,149.30026199999995,342.6758379999999,1068.3244359999999,39.508147691568865,28.41584370536668,32.076008603064466,1215.079833984375,1634.9713134765625,1219.533318,1219.533318,0.1783368575003308
/cephfs/shared/impact/LLM_models/llama2-13b-hf,FP16,4096,measured,passed,40c27a8aedea5475c19c3af676a21c722eae8ac0d9dcebf74df669298417d563,3bb82b90ab6cf09d73f609926c4187262b27e2e7b99a225aee971fcd40a59f16,20261005T133926Z-49cb46fc49,9,2,423.5023740000004,202.32622800000004,44.736261000000006,6.2250689999999995,51.123494000000065,118.94822399999998,225.53460700000008,0.0,0.0,0.0,0.0,0.0,149.6507600000001,304.4110520000001,149.6507600000001,344.48283100000003,1072.3962570000006,39.49122082771314,28.386060657427297,32.12271851485956,1217.9862060546875,1259.1663818359375,1222.998399,1222.998399,0.08863689315848135
/cephfs/shared/impact/LLM_models/llama2-13b-hf,FP16,4096,measured,passed,40c27a8aedea5475c19c3af676a21c722eae8ac0d9dcebf74df669298417d563,3bb82b90ab6cf09d73f609926c4187262b27e2e7b99a225aee971fcd40a59f16,20261005T133926Z-49cb46fc49,10,0,423.78515100000004,202.83328699999998,44.75513300000001,6.231086999999998,51.1558,119.05405800000001,225.79471800000013,0.0,0.0,0.0,0.0,0.0,149.74243899999996,304.975307,149.74243899999996,344.84877600000016,1073.609234,39.47294207046658,28.406546566644003,32.120511362889424,1217.373779296875,1261.1173095703125,1224.3013270000001,1224.3013270000001,0.08837617096702444
/cephfs/shared/impact/LLM_models/llama2-13b-hf,FP16,4096,measured,passed,40c27a8aedea5475c19c3af676a21c722eae8ac0d9dcebf74df669298417d563,3bb82b90ab6cf09d73f609926c4187262b27e2e7b99a225aee971fcd40a59f16,20261005T133926Z-49cb46fc49,10,1,423.79726400000004,202.68168899999995,44.70767499999999,6.227346999999999,51.19652300000005,118.92524099999997,225.69136400000008,0.0,0.0,0.0,0.0,0.0,149.738777,304.81323399999997,149.738777,344.61660500000005,1073.2271030000002,39.48812537582737,28.401559478693105,32.11031514547951,1214.8541259765625,1260.0511474609375,1223.923086,1223.9230859999998,0.08911003372323394
/cephfs/shared/impact/LLM_models/llama2-13b-hf,FP16,4096,measured,passed,40c27a8aedea5475c19c3af676a21c722eae8ac0d9dcebf74df669298417d563,3bb82b90ab6cf09d73f609926c4187262b27e2e7b99a225aee971fcd40a59f16,20261005T133926Z-49cb46fc49,10,2,423.0624649999999,202.30389200000005,44.67182999999996,6.218256,51.10016599999997,117.79482100000001,225.42147300000008,0.0,0.0,0.0,0.0,0.0,149.592953,304.29414399999996,149.592953,343.21629400000006,1070.572903,39.51738959714731,28.42348644798457,32.05912395486813,1214.496337890625,1257.7513427734375,1222.067435,1222.0674350000002,0.17730762194489988
/cephfs/shared/impact/LLM_models/llama2-13b-hf,FP16,4096,measured,passed,40c27a8aedea5475c19c3af676a21c722eae8ac0d9dcebf74df669298417d563,3bb82b90ab6cf09d73f609926c4187262b27e2e7b99a225aee971fcd40a59f16,20261005T133926Z-49cb46fc49,11,0,424.0862329999998,202.86738,44.71452499999999,6.239179999999999,51.08772300000005,118.89688999999998,225.8553619999998,0.0,0.0,0.0,0.0,0.0,149.794562,304.908808,149.794562,344.75225199999977,1073.7472929999997,39.49590706907607,28.396700973103183,32.10739195782074,1217.5911865234375,1262.116455078125,1224.495093,1224.495093,0.08869801144634246
/cephfs/shared/impact/LLM_models/llama2-13b-hf,FP16,4096,measured,passed,40c27a8aedea5475c19c3af676a21c722eae8ac0d9dcebf74df669298417d563,3bb82b90ab6cf09d73f609926c4187262b27e2e7b99a225aee971fcd40a59f16,20261005T133926Z-49cb46fc49,11,1,421.2397869999999,200.96403900000004,44.38823800000001,6.197170999999999,50.97272000000007,118.130473,224.8800090000001,0.0,0.0,0.0,0.0,0.0,149.04554699999997,302.52216800000014,149.04554699999997,343.0104820000001,1066.772437,39.48731448148579,28.358641215999107,32.1540443025151,1218.0675048828125,1496.087890625,1216.7727260000001,1216.772726,0.08941816025457722
/cephfs/shared/impact/LLM_models/llama2-13b-hf,FP16,4096,measured,passed,40c27a8aedea5475c19c3af676a21c722eae8ac0d9dcebf74df669298417d563,3bb82b90ab6cf09d73f609926c4187262b27e2e7b99a225aee971fcd40a59f16,20261005T133926Z-49cb46fc49,11,2,424.1305900000001,202.56790300000006,44.791395000000016,6.229005,51.18227399999998,119.93242299999999,225.56013999999993,0.0,0.0,0.0,0.0,0.0,149.77665,304.77057700000006,149.77665,345.4925629999999,1074.3937300000002,39.47627188777433,28.366749403870777,32.156978708354885,1218.163818359375,1260.466552734375,1224.1703800000003,1224.1703799999998,4.2325949806730926e-14
/cephfs/shared/impact/LLM_models/llama2-13b-hf,FP16,4096,measured,passed,40c27a8aedea5475c19c3af676a21c722eae8ac0d9dcebf74df669298417d563,3bb82b90ab6cf09d73f609926c4187262b27e2e7b99a225aee971fcd40a59f16,20261005T133926Z-49cb46fc49,12,0,424.41858000000013,202.711219,44.79898500000001,6.239343000000001,51.18027500000009,119.99775199999999,225.7910629999999,0.0,0.0,0.0,0.0,0.0,149.6915720000001,304.9298220000001,149.6915720000001,345.7888149999999,1075.1372170000002,39.47575930673043,28.361944613066083,32.16229608020348,1213.651123046875,1261.3619384765625,1224.8287890000001,1224.8287890000001,2.1148340123289776e-14
/cephfs/shared/impact/LLM_models/llama2-13b-hf,FP16,4096,measured,passed,40c27a8aedea5475c19c3af676a21c722eae8ac0d9dcebf74df669298417d563,3bb82b90ab6cf09d73f609926c4187262b27e2e7b99a225aee971fcd40a59f16,20261005T133926Z-49cb46fc49,12,1,423.99718799999954,202.198782,44.693570999999984,6.234637999999998,51.13269100000006,118.90139600000002,225.18468500000006,0.0,0.0,0.0,0.0,0.0,149.471402,304.25968200000005,149.471402,344.0860810000001,1072.3429509999996,39.53932719048569,28.373355904122523,32.08731690539179,1219.5997314453125,1259.83349609375,1222.768518,1222.7685179999999,0.08890036000060425
/cephfs/shared/impact/LLM_models/llama2-13b-hf,FP16,4096,measured,passed,40c27a8aedea5475c19c3af676a21c722eae8ac0d9dcebf74df669298417d563,3bb82b90ab6cf09d73f609926c4187262b27e2e7b99a225aee971fcd40a59f16,20261005T133926Z-49cb46fc49,12,2,424.435656,202.492357,44.736871,6.244054,51.16327500000003,118.87556999999998,225.43872600000012,0.0,0.0,0.0,0.0,0.0,149.73829499999997,304.63655700000004,149.73829499999997,344.3142960000001,1073.3865090000002,39.54173566010414,28.38088185809311,32.07738248180274,1219.38427734375,1260.5548095703125,1224.081594,1224.081594,0.08905812517195728
/cephfs/shared/impact/LLM_models/llama2-13b-hf,FP16,4096,measured,passed,40c27a8aedea5475c19c3af676a21c722eae8ac0d9dcebf74df669298417d563,3bb82b90ab6cf09d73f609926c4187262b27e2e7b99a225aee971fcd40a59f16,20261005T133926Z-49cb46fc49,13,0,423.5374829999998,202.223962,44.64820999999997,6.235597,51.12989100000005,119.71709399999997,225.42195300000003,0.0,0.0,0.0,0.0,0.0,149.64309000000006,304.23766,149.64309000000006,345.139047,1072.91419,39.47542934444737,28.35619687348902,32.1683737820636,1217.7745361328125,1259.5152587890625,1222.55728,1222.55728,0.0
/cephfs/shared/impact/LLM_models/llama2-13b-hf,FP16,4096,measured,passed,40c27a8aedea5475c19c3af676a21c722eae8ac0d9dcebf74df669298417d563,3bb82b90ab6cf09d73f609926c4187262b27e2e7b99a225aee971fcd40a59f16,20261005T133926Z-49cb46fc49,13,1,423.2600860000002,202.170128,44.676400000000044,6.218407999999998,51.12414399999999,119.72806699999998,225.60963999999998,0.0,0.0,0.0,0.0,0.0,149.57082100000002,304.18908000000005,149.57082100000002,345.33770699999997,1072.7868730000002,39.454256633134634,28.35503375888157,32.19070960798379,1216.9071044921875,1259.7025146484375,1222.3576939999998,1222.3576939999998,4.23893470671191e-14
/cephfs/shared/impact/LLM_models/llama2-13b-hf,FP16,4096,measured,passed,40c27a8aedea5475c19c3af676a21c722eae8ac0d9dcebf74df669298417d563,3bb82b90ab6cf09d73f609926c4187262b27e2e7b99a225aee971fcd40a59f16,20261005T133926Z-49cb46fc49,13,2,423.7225490000003,202.34142200000002,44.697529000000024,6.232267999999999,51.09526500000004,118.79136799999996,225.1372719999999,0.0,0.0,0.0,0.0,0.0,149.58112099999994,304.36648400000007,149.58112099999994,343.92863999999986,1072.0176730000003,39.525705561758976,28.39192782598837,32.08236661225265,1214.21484375,1605.2279052734375,1222.552639,1222.552639,0.08889751349390188
/cephfs/shared/impact/LLM_models/llama2-13b-hf,FP16,4096,measured,passed,40c27a8aedea5475c19c3af676a21c722eae8ac0d9dcebf74df669298417d563,3bb82b90ab6cf09d73f609926c4187262b27e2e7b99a225aee971fcd40a59f16,20261005T133926Z-49cb46fc49,14,0,423.646665,202.175738,44.707508999999995,6.226927999999999,51.107904000000055,117.77787600000002,225.57832100000002,0.0,0.0,0.0,0.0,0.0,149.525291,304.21807900000005,149.525291,343.35619700000007,1071.220941,39.5480193473925,28.399190807081137,32.05278984552638,1214.08544921875,1260.363037109375,1222.644738,1222.644738,0.17691469531257106
/cephfs/shared/impact/LLM_models/llama2-13b-hf,FP16,4096,measured,passed,40c27a8aedea5475c19c3af676a21c722eae8ac0d9dcebf74df669298417d563,3bb82b90ab6cf09d73f609926c4187262b27e2e7b99a225aee971fcd40a59f16,20261005T133926Z-49cb46fc49,14,1,423.41867299999956,202.89322900000002,44.73239699999998,6.2274020000000005,51.12346,119.064864,225.80465499999997,0.0,0.0,0.0,0.0,0.0,149.76703899999998,304.976488,149.76703899999998,344.86951899999997,1073.2646799999995,39.451468113159166,28.415776060011606,32.13275582682923,1219.2232666015625,1259.9871826171875,1223.978748,1223.978748,0.08816036839534994
/cephfs/shared/impact/LLM_models/llama2-13b-hf,FP16,4096,measured,passed,40c27a8aedea5475c19c3af676a21c722eae8ac0d9dcebf74df669298417d563,3bb82b90ab6cf09d73f609926c4187262b27e2e7b99a225aee971fcd40a59f16,20261005T133926Z-49cb46fc49,14,2,423.1126449999998,202.54341799999997,44.68780100000001,6.227629000000001,51.09894700000005,118.86406900000001,225.61894100000012,0.0,0.0,0.0,0.0,0.0,149.64928200000008,304.55779500000006,149.64928200000008,344.48301000000015,1072.15345,39.463814158318456,28.40617590700287,32.13000993467867,1217.634033203125,1259.297119140625,1222.757282,1222.7572819999998,0.08895190418855319
/cephfs/shared/impact/LLM_models/llama2-13b-hf,FP16,4096,measured,passed,40c27a8aedea5475c19c3af676a21c722eae8ac0d9dcebf74df669298417d563,3bb82b90ab6cf09d73f609926c4187262b27e2e7b99a225aee971fcd40a59f16,20261005T133926Z-49cb46fc49,15,0,423.76322400000015,202.56364499999998,44.677009999999974,6.229771999999999,51.13859,118.79282400000002,225.52960200000012,0.0,0.0,0.0,0.0,0.0,149.64689599999997,304.60901699999994,149.64689599999997,344.3224260000002,1072.6946670000002,39.504552137388416,28.396618942079616,32.09882892053197,1214.0948486328125,1260.956298828125,1223.294801,1223.294801,0.08878497276067691
/cephfs/shared/impact/LLM_models/llama2-13b-hf,FP16,4096,measured,passed,40c27a8aedea5475c19c3af676a21c722eae8ac0d9dcebf74df669298417d563,3bb82b90ab6cf09d73f609926c4187262b27e2e7b99a225aee971fcd40a59f16,20261005T133926Z-49cb46fc49,15,1,423.588292,202.36689299999998,44.741167,6.220811999999998,51.13094000000004,118.73655299999999,225.4514639999999,0.0,0.0,0.0,0.0,0.0,149.61168200000003,304.459812,149.61168200000003,344.1880169999999,1072.236121,39.50513172461946,28.3948475561569,32.10002071922364,1218.4781494140625,1258.931396484375,1222.7985449999999,1222.7985449999999,0.08859053653920763
/cephfs/shared/impact/LLM_models/llama2-13b-hf,FP16,4096,measured,passed,40c27a8aedea5475c19c3af676a21c722eae8ac0d9dcebf74df669298417d563,3bb82b90ab6cf09d73f609926c4187262b27e2e7b99a225aee971fcd40a59f16,20261005T133926Z-49cb46fc49,15,2,422.60525800000016,201.55921100000003,44.43408200000003,6.213457999999999,50.99844700000002,118.26839500000001,224.95167500000002,0.0,0.0,0.0,0.0,0.0,149.25057699999996,303.2051980000001,149.25057699999996,343.22007,1069.0305260000002,39.531636162090294,28.362632368834717,32.105731469074996,1217.3304443359375,1512.65283203125,1219.2308840000003,1219.230884,0.08876621315235128
/cephfs/shared/impact/LLM_models/llama2-13b-hf,FP16,4096,measured,passed,40c27a8aedea5475c19c3af676a21c722eae8ac0d9dcebf74df669298417d563,3bb82b90ab6cf09d73f609926c4187262b27e2e7b99a225aee971fcd40a59f16,20261005T133926Z-49cb46fc49,16,0,423.6071559999997,202.669864,44.743024,6.224517999999999,51.1249450000001,119.00878100000001,225.79118300000013,0.0,0.0,0.0,0.0,0.0,149.7371430000001,304.7623510000001,149.7371430000001,344.79996400000016,1073.169471,39.47253136126528,28.398343340499306,32.129125298235415,1212.930908203125,1259.8822021484375,1223.8567470000003,1223.856747,0.08845690893842495
/cephfs/shared/impact/LLM_models/llama2-13b-hf,FP16,4096,measured,passed,40c27a8aedea5475c19c3af676a21c722eae8ac0d9dcebf74df669298417d563,3bb82b90ab6cf09d73f609926c4187262b27e2e7b99a225aee971fcd40a59f16,20261005T133926Z-49cb46fc49,16,1,423.779809,202.389448,44.675251999999944,6.223241,51.1057740000001,118.81488900000004,225.500729,0.0,0.0,0.0,0.0,0.0,149.5057579999999,304.39371500000004,149.5057579999999,344.31561800000003,1072.4891420000001,39.513668941181685,28.381985707786306,32.104345351032,1218.333740234375,1259.542236328125,1222.9504739999998,1222.950474,0.0890193957599063
/cephfs/shared/impact/LLM_models/llama2-13b-hf,FP16,4096,measured,passed,40c27a8aedea5475c19c3af676a21c722eae8ac0d9dcebf74df669298417d563,3bb82b90ab6cf09d73f609926c4187262b27e2e7b99a225aee971fcd40a59f16,20261005T133926Z-49cb46fc49,16,2,423.28929999999974,202.70606599999994,44.71256200000002,6.232875999999999,51.10918700000002,118.881417,225.74262000000002,0.0,0.0,0.0,0.0,0.0,149.70169900000002,304.76069099999995,149.70169900000002,344.62403700000004,1072.6740279999997,39.46113068377562,28.411305116450535,32.12756419977385,1213.447509765625,1260.471435546875,1223.3245169999998,1223.324517,0.08837274917161568
/cephfs/shared/impact/LLM_models/llama2-13b-hf,FP16,4096,measured,passed,40c27a8aedea5475c19c3af676a21c722eae8ac0d9dcebf74df669298417d563,3bb82b90ab6cf09d73f609926c4187262b27e2e7b99a225aee971fcd40a59f16,20261005T133926Z-49cb46fc49,17,0,424.07077900000013,202.90811199999996,44.74488500000001,6.230094,51.16331100000006,119.021826,225.83447799999996,0.0,0.0,0.0,0.0,0.0,149.8362840000001,305.046402,149.8362840000001,344.85630399999997,1073.973485,39.48614979074648,28.403531954981183,32.11031825427236,1214.4580078125,1260.998779296875,1224.758046,1224.7580460000001,0.0882182344355553
/cephfs/shared/impact/LLM_models/llama2-13b-hf,FP16,4096,measured,passed,40c27a8aedea5475c19c3af676a21c722eae8ac0d9dcebf74df669298417d563,3bb82b90ab6cf09d73f609926c4187262b27e2e7b99a225aee971fcd40a59f16,20261005T133926Z-49cb46fc49,17,1,423.6635359999999,202.66880099999995,44.729782000000014,6.230254,51.11836800000006,119.87118599999995,225.68237700000003,0.0,0.0,0.0,0.0,0.0,149.68859799999996,304.747205,149.68859799999996,345.553563,1073.9643039999999,39.4485677430858,28.375915648682497,32.17551660823171,1219.179931640625,1259.5604248046875,1223.652902,1223.652902,2.117143694593708e-14
/cephfs/shared/impact/LLM_models/llama2-13b-hf,FP16,4096,measured,passed,40c27a8aedea5475c19c3af676a21c722eae8ac0d9dcebf74df669298417d563,3bb82b90ab6cf09d73f609926c4187262b27e2e7b99a225aee971fcd40a59f16,20261005T133926Z-49cb46fc49,17,2,423.1600269999998,202.67406400000002,44.70906800000001,6.219498999999999,51.121386000000015,119.982158,225.71132099999988,0.0,0.0,0.0,0.0,0.0,149.65946399999999,304.72401700000006,149.65946399999999,345.6934789999999,1073.577523,39.41587989077151,28.38397884378957,32.200141265438916,1218.185791015625,1260.92138671875,1223.236987,1223.236987,0.0
/cephfs/shared/impact/LLM_models/llama2-13b-hf,FP16,4096,measured,passed,40c27a8aedea5475c19c3af676a21c722eae8ac0d9dcebf74df669298417d563,3bb82b90ab6cf09d73f609926c4187262b27e2e7b99a225aee971fcd40a59f16,20261005T133926Z-49cb46fc49,18,0,422.10518799999977,201.19010399999996,44.561647,6.203630999999999,51.05268500000007,118.48093900000003,224.95804799999988,0.0,0.0,0.0,0.0,0.0,149.16217999999995,303.00806700000004,149.16217999999995,343.4389869999999,1068.5522419999998,39.50253168810438,28.356879064037386,32.14058924785822,1214.321044921875,1463.8966064453125,1218.6678200000001,1218.6678200000001,0.08914380292565206
/cephfs/shared/impact/LLM_models/llama2-13b-hf,FP16,4096,measured,passed,40c27a8aedea5475c19c3af676a21c722eae8ac0d9dcebf74df669298417d563,3bb82b90ab6cf09d73f609926c4187262b27e2e7b99a225aee971fcd40a59f16,20261005T133926Z-49cb46fc49,18,1,423.94898,202.99868899999996,44.74542599999999,6.232361,51.17661900000001,118.92607400000004,225.861339,0.0,0.0,0.0,0.0,0.0,149.854516,305.15309499999995,149.854516,344.787413,1073.889488,39.47789644440583,28.415688803166677,32.10641475242749,1218.071044921875,1260.7232666015625,1224.69369,1224.6936899999998,0.08835610228695494
/cephfs/shared/impact/LLM_models/llama2-13b-hf,FP16,4096,measured,passed,40c27a8aedea5475c19c3af676a21c722eae8ac0d9dcebf74df669298417d563,3bb82b90ab6cf09d73f609926c4187262b27e2e7b99a225aee971fcd40a59f16,20261005T133926Z-49cb46fc49,18,2,423.2260589999999,202.847102,44.727263,6.227243999999999,51.10695500000007,118.83490400000001,225.64377800000008,0.0,0.0,0.0,0.0,0.0,149.733678,304.90856400000007,149.733678,344.4786820000001,1072.613305,39.457468691384534,28.42669977881731,32.11583152979816,1215.16748046875,1260.0416259765625,1223.302556,1223.302556,0.08900900720782243
/cephfs/shared/impact/LLM_models/llama2-13b-hf,FP16,4096,measured,passed,40c27a8aedea5475c19c3af676a21c722eae8ac0d9dcebf74df669298417d563,3bb82b90ab6cf09d73f609926c4187262b27e2e7b99a225aee971fcd40a59f16,20261005T133926Z-49cb46fc49,19,0,424.1170109999998,202.76469799999998,44.807883,6.236492999999999,51.17111500000009,119.043624,225.7169230000001,0.0,0.0,0.0,0.0,0.0,149.9241929999999,304.98018900000005,149.9241929999999,344.7605470000001,1073.857747,39.49471074589173,28.40042732401129,32.10486193009697,1216.550537109375,1260.7900390625,1224.735657,1224.735657,0.08873342273916207
/cephfs/shared/impact/LLM_models/llama2-13b-hf,FP16,4096,measured,passed,40c27a8aedea5475c19c3af676a21c722eae8ac0d9dcebf74df669298417d563,3bb82b90ab6cf09d73f609926c4187262b27e2e7b99a225aee971fcd40a59f16,20261005T133926Z-49cb46fc49,19,1,423.82988099999994,202.56812200000005,44.761293999999964,6.235825,51.18629900000009,118.96490700000004,225.5941969999999,0.0,0.0,0.0,0.0,0.0,149.74479499999995,304.7515400000001,149.74479499999995,344.55910399999993,1073.140525,39.49435056513218,28.398101916801632,32.107547518066184,1215.743896484375,1260.67724609375,1223.8331170000001,1223.8331170000001,0.08824199840802634
/cephfs/shared/impact/LLM_models/llama2-13b-hf,FP16,4096,measured,passed,40c27a8aedea5475c19c3af676a21c722eae8ac0d9dcebf74df669298417d563,3bb82b90ab6cf09d73f609926c4187262b27e2e7b99a225aee971fcd40a59f16,20261005T133926Z-49cb46fc49,19,2,423.53088400000036,202.55630100000005,44.734842000000036,6.240556000000001,51.141757000000105,119.77694099999997,225.53939300000002,0.0,0.0,0.0,0.0,0.0,149.84826800000002,304.6734560000002,149.84826800000002,345.316334,1073.5206740000006,39.45251304959965,28.380772106117824,32.166714844282524,1214.9801025390625,1259.64599609375,1223.368942,1223.368942,4.236037198911589e-14
/cephfs/shared/impact/LLM_models/llama2-13b-hf,FP16,4096,measured,passed,40c27a8aedea5475c19c3af676a21c722eae8ac0d9dcebf74df669298417d563,3bb82b90ab6cf09d73f609926c4187262b27e2e7b99a225aee971fcd40a59f16,20261005T133926Z-49cb46fc49,20,0,424.0508000000001,202.30947099999992,44.717386999999945,6.225293,51.14897600000004,119.83319799999997,225.54704200000003,0.0,0.0,0.0,0.0,0.0,149.66496899999996,304.4011269999999,149.66496899999996,345.38024,1073.832167,39.489485697256086,28.34717904292393,32.16333525981998,1218.605224609375,1260.142822265625,1223.4971359999997,1223.497136,0.0
/cephfs/shared/impact/LLM_models/llama2-13b-hf,FP16,4096,measured,passed,40c27a8aedea5475c19c3af676a21c722eae8ac0d9dcebf74df669298417d563,3bb82b90ab6cf09d73f609926c4187262b27e2e7b99a225aee971fcd40a59f16,20261005T133926Z-49cb46fc49,20,1,423.092587,201.56894799999998,44.49535900000001,6.226761999999996,51.04715700000001,118.44376999999999,225.05053000000007,0.0,0.0,0.0,0.0,0.0,149.37742200000005,303.338226,149.37742200000005,343.49430000000007,1069.925113,39.54413087974691,28.351351166013806,32.10451795423929,1217.7684326171875,1613.248779296875,1220.2612120000001,1220.2612120000001,0.08952203861448679
/cephfs/shared/impact/LLM_models/llama2-13b-hf,FP16,4096,measured,passed,40c27a8aedea5475c19c3af676a21c722eae8ac0d9dcebf74df669298417d563,3bb82b90ab6cf09d73f609926c4187262b27e2e7b99a225aee971fcd40a59f16,20261005T133926Z-49cb46fc49,20,2,424.0315579999998,201.91503300000002,44.680128999999965,6.235817999999999,51.14107200000011,118.78518600000001,225.49931599999994,0.0,0.0,0.0,0.0,0.0,149.56890599999994,303.9720520000001,149.56890599999994,344.284502,1072.2881119999997,39.54455460754002,28.34798302790474,32.10746236455525,1214.9476318359375,1259.0780029296875,1222.809391,1222.809391,0.08873807998403144
/cephfs/shared/impact/LLM_models/llama2-13b-hf,FP16,4096,measured,passed,40c27a8aedea5475c19c3af676a21c722eae8ac0d9dcebf74df669298417d563,3bb82b90ab6cf09d73f609926c4187262b27e2e7b99a225aee971fcd40a59f16,20261005T133926Z-49cb46fc49,21,0,423.7236509999999,202.00047799999996,44.70543299999995,6.224781,51.11846600000004,118.77391000000003,225.46933199999978,0.0,0.0,0.0,0.0,0.0,149.62518799999992,304.0491579999999,149.62518799999992,344.2432419999998,1072.0160509999996,39.525868162584075,28.362369921269025,32.1117619161469,1219.2861328125,1259.383056640625,1222.5938049999997,1222.593805,0.08877855185212637
/cephfs/shared/impact/LLM_models/llama2-13b-hf,FP16,4096,measured,passed,40c27a8aedea5475c19c3af676a21c722eae8ac0d9dcebf74df669298417d563,3bb82b90ab6cf09d73f609926c4187262b27e2e7b99a225aee971fcd40a59f16,20261005T133926Z-49cb46fc49,21,1,424.22076099999975,202.81725500000002,44.70915799999999,6.242536999999999,51.145655000000104,117.98442800000002,225.56266700000003,0.0,0.0,0.0,0.0,0.0,149.71079800000004,304.9146050000001,149.71079800000004,343.54709500000007,1072.6824609999999,39.54765519373956,28.425430272789754,32.026914533470695,1219.81103515625,1260.8802490234375,1224.303926,1224.303926,0.17780376127624958
/cephfs/shared/impact/LLM_models/llama2-13b-hf,FP16,4096,measured,passed,40c27a8aedea5475c19c3af676a21c722eae8ac0d9dcebf74df669298417d563,3bb82b90ab6cf09d73f609926c4187262b27e2e7b99a225aee971fcd40a59f16,20261005T133926Z-49cb46fc49,21,2,423.79646399999996,202.66070800000006,44.77315400000003,6.227376999999997,51.14997800000007,118.05066900000003,225.69670900000008,0.0,0.0,0.0,0.0,0.0,149.78970600000005,304.81121700000017,149.78970600000005,343.74737800000014,1072.3550590000004,39.520162696411525,28.424467665051605,32.05536963853686,1215.44287109375,1260.1754150390625,1224.0494170000002,1224.049417,0.17729902559842786
/cephfs/shared/impact/LLM_models/llama2-13b-hf,FP16,4096,measured,passed,40c27a8aedea5475c19c3af676a21c722eae8ac0d9dcebf74df669298417d563,3bb82b90ab6cf09d73f609926c4187262b27e2e7b99a225aee971fcd40a59f16,20261005T133926Z-49cb46fc49,22,0,423.466057,202.71442500000003,44.749857999999975,6.224837999999998,51.114103000000036,120.00884399999997,225.80794799999987,0.0,0.0,0.0,0.0,0.0,149.688603,304.80322400000006,149.688603,345.81679199999985,1074.086073,39.425709693565686,28.377914178578134,32.196376127856176,1215.6513671875,1260.5594482421875,1223.774676,1223.774676,0.0
/cephfs/shared/impact/LLM_models/llama2-13b-hf,FP16,4096,measured,passed,40c27a8aedea5475c19c3af676a21c722eae8ac0d9dcebf74df669298417d563,3bb82b90ab6cf09d73f609926c4187262b27e2e7b99a225aee971fcd40a59f16,20261005T133926Z-49cb46fc49,22,1,421.0428660000003,201.04748899999998,44.443559000000036,6.2030840000000005,50.951175000000035,117.18757100000005,224.88535400000004,0.0,0.0,0.0,0.0,0.0,149.024436,302.64530700000006,149.024436,342.07292500000005,1065.7610980000004,39.50630838281921,28.39710583994312,32.096585777237664,1218.5699462890625,1516.0177001953125,1216.6970959999999,1216.6970959999999,0.17904008144214809
/cephfs/shared/impact/LLM_models/llama2-13b-hf,FP16,4096,measured,passed,40c27a8aedea5475c19c3af676a21c722eae8ac0d9dcebf74df669298417d563,3bb82b90ab6cf09d73f609926c4187262b27e2e7b99a225aee971fcd40a59f16,20261005T133926Z-49cb46fc49,22,2,423.43886099999986,202.55546300000003,44.77219300000002,6.226217999999999,51.12381100000009,119.03961900000009,225.731951,0.0,0.0,0.0,0.0,0.0,149.65364300000002,304.67768500000017,149.65364300000002,344.7715700000001,1072.888116,39.467196503088104,28.397899133780708,32.13490436313119,1213.1866455078125,1259.6575927734375,1223.491829,1223.4918289999998,0.08847422380634559
/cephfs/shared/impact/LLM_models/llama2-13b-hf,FP16,4096,measured,passed,40c27a8aedea5475c19c3af676a21c722eae8ac0d9dcebf74df669298417d563,3bb82b90ab6cf09d73f609926c4187262b27e2e7b99a225aee971fcd40a59f16,20261005T133926Z-49cb46fc49,23,0,423.43168599999973,202.58277200000006,44.679566,6.224076999999999,51.117398000000044,118.74606500000002,225.55759700000002,0.0,0.0,0.0,0.0,0.0,149.62732900000003,304.6038130000001,149.62732900000003,344.30366200000003,1072.3391609999999,39.48673156775627,28.405547804105623,32.107720628138104,1218.1197509765625,1259.2108154296875,1222.9209110000002,1222.9209110000002,0.08892450453508495
/cephfs/shared/impact/LLM_models/llama2-13b-hf,FP16,4096,measured,passed,40c27a8aedea5475c19c3af676a21c722eae8ac0d9dcebf74df669298417d563,3bb82b90ab6cf09d73f609926c4187262b27e2e7b99a225aee971fcd40a59f16,20261005T133926Z-49cb46fc49,23,1,423.60486899999967,202.45386299999996,44.74909400000005,6.225318999999999,51.111306000000056,118.964907,225.59356699999995,0.0,0.0,0.0,0.0,0.0,149.63786899999997,304.53958200000005,149.63786899999997,344.55847399999993,1072.7029249999996,39.48948577724815,28.389927434941985,32.12058678780988,1218.363037109375,1259.0279541015625,1223.292719,1223.292719,0.08866210589003799
/cephfs/shared/impact/LLM_models/llama2-13b-hf,FP16,4096,measured,passed,40c27a8aedea5475c19c3af676a21c722eae8ac0d9dcebf74df669298417d563,3bb82b90ab6cf09d73f609926c4187262b27e2e7b99a225aee971fcd40a59f16,20261005T133926Z-49cb46fc49,23,2,422.5900619999999,202.41305999999997,44.66666199999997,6.2197249999999995,51.05954400000008,118.80994799999998,225.61424299999987,0.0,0.0,0.0,0.0,0.0,149.50336499999997,304.358991,149.50336499999997,344.42419099999984,1071.3732439999997,39.44377595451693,28.40830613462661,32.147917910856464,1216.0538330078125,1258.3841552734375,1221.83039,1221.8303899999999,0.08894497459859904
/cephfs/shared/impact/LLM_models/llama2-13b-hf,FP16,4096,measured,passed,40c27a8aedea5475c19c3af676a21c722eae8ac0d9dcebf74df669298417d563,3bb82b90ab6cf09d73f609926c4187262b27e2e7b99a225aee971fcd40a59f16,20261005T133926Z-49cb46fc49,24,0,423.6654509999999,202.58779299999995,44.785694,6.230376000000001,51.152487999999984,120.06509799999998,225.82367100000002,0.0,0.0,0.0,0.0,0.0,149.700737,304.75635099999994,149.700737,345.888769,1074.310571,39.43603111022538,28.367620986575954,32.19634790319866,1215.3790283203125,1260.3271484375,1224.011308,1224.0113079999999,0.0
/cephfs/shared/impact/LLM_models/llama2-13b-hf,FP16,4096,measured,passed,40c27a8aedea5475c19c3af676a21c722eae8ac0d9dcebf74df669298417d563,3bb82b90ab6cf09d73f609926c4187262b27e2e7b99a225aee971fcd40a59f16,20261005T133926Z-49cb46fc49,24,1,423.6828370000002,202.644177,44.768109,6.2266699999999995,51.12342,119.93530199999995,225.68908000000005,0.0,0.0,0.0,0.0,0.0,149.6811129999999,304.762376,149.6811129999999,345.62438199999997,1074.0695950000002,39.44649759869612,28.37454643709563,32.17895596420825,1214.369384765625,1260.2127685546875,1223.750708,1223.750708,0.0
/cephfs/shared/impact/LLM_models/llama2-13b-hf,FP16,4096,measured,passed,40c27a8aedea5475c19c3af676a21c722eae8ac0d9dcebf74df669298417d563,3bb82b90ab6cf09d73f609926c4187262b27e2e7b99a225aee971fcd40a59f16,20261005T133926Z-49cb46fc49,24,2,423.25054600000016,202.04755300000002,44.573204999999994,6.219944999999998,51.039046000000006,117.66977700000001,225.16138800000004,0.0,0.0,0.0,0.0,0.0,149.47350000000006,303.879749,149.47350000000006,342.83116500000006,1069.9614600000002,39.5575506056078,28.400999508898195,32.041449885494,1218.714111328125,1614.369384765625,1221.3430660000001,1221.3430660000001,0.17801662259341183
/cephfs/shared/impact/LLM_models/llama2-13b-hf,FP16,4096,measured,passed,40c27a8aedea5475c19c3af676a21c722eae8ac0d9dcebf74df669298417d563,3bb82b90ab6cf09d73f609926c4187262b27e2e7b99a225aee971fcd40a59f16,20261005T133926Z-49cb46fc49,25,0,423.0798630000002,202.499941,44.714133999999994,6.222704000000002,51.11311000000004,117.88991100000003,225.6812190000001,0.0,0.0,0.0,0.0,0.0,149.62232300000002,304.54988900000006,149.62232300000002,343.57113000000015,1071.2008820000005,39.495847147743476,28.4306981181145,32.07345473414201,1213.475341796875,1259.72216796875,1222.7237249999998,1222.723725,0.17710535057147006
/cephfs/shared/impact/LLM_models/llama2-13b-hf,FP16,4096,measured,passed,40c27a8aedea5475c19c3af676a21c722eae8ac0d9dcebf74df669298417d563,3bb82b90ab6cf09d73f609926c4187262b27e2e7b99a225aee971fcd40a59f16,20261005T133926Z-49cb46fc49,25,1,424.2066400000001,202.78568800000005,44.75540099999998,6.228105,51.14978800000006,118.97143599999998,225.64416300000005,0.0,0.0,0.0,0.0,0.0,149.885573,304.9189820000001,149.885573,344.61559900000003,1073.7412210000002,39.507344200209296,28.39780908439204,32.09484671539866,1216.8763427734375,1262.3560791015625,1224.583871,1224.583871,0.08905541227532485
/cephfs/shared/impact/LLM_models/llama2-13b-hf,FP16,4096,measured,passed,40c27a8aedea5475c19c3af676a21c722eae8ac0d9dcebf74df669298417d563,3bb82b90ab6cf09d73f609926c4187262b27e2e7b99a225aee971fcd40a59f16,20261005T133926Z-49cb46fc49,25,2,423.38921400000015,202.74053300000006,44.719362999999944,6.227025,51.11175100000002,118.885579,225.7809860000001,0.0,0.0,0.0,0.0,0.0,149.69372800000005,304.798672,149.69372800000005,344.6665650000001,1072.8544510000002,39.46380737903096,28.41006734099852,32.12612527997053,1215.5098876953125,1259.914306640625,1223.498824,1223.498824,0.08853049808956158
/cephfs/shared/impact/LLM_models/llama2-13b-hf,FP16,4096,measured,passed,40c27a8aedea5475c19c3af676a21c722eae8ac0d9dcebf74df669298417d563,3bb82b90ab6cf09d73f609926c4187262b27e2e7b99a225aee971fcd40a59f16,20261005T133926Z-49cb46fc49,26,0,423.33748200000025,202.727593,44.74515700000005,6.225033999999999,51.13546600000008,118.956039,225.6996750000001,0.0,0.0,0.0,0.0,0.0,149.7523729999999,304.83325000000013,149.7523729999999,344.6557140000001,1072.8264460000005,39.460015511213456,28.414032030675724,32.12595245811082,1218.2381591796875,1260.939208984375,1223.529176,1223.529176,0.08850600956777349
/cephfs/shared/impact/LLM_models/llama2-13b-hf,FP16,4096,measured,passed,40c27a8aedea5475c19c3af676a21c722eae8ac0d9dcebf74df669298417d563,3bb82b90ab6cf09d73f609926c4187262b27e2e7b99a225aee971fcd40a59f16,20261005T133926Z-49cb46fc49,26,1,423.88392100000004,202.369409,44.737143000000025,6.225925999999999,51.1226960000001,119.76549599999997,225.50141500000007,0.0,0.0,0.0,0.0,0.0,149.72405700000002,304.4551740000001,149.72405700000002,345.26691100000005,1073.6060060000002,39.48226059011074,28.35818468772613,32.15955472216313,1217.7596435546875,1259.9652099609375,1223.330063,1223.330063,2.1178502557970235e-14
/cephfs/shared/impact/LLM_models/llama2-13b-hf,FP16,4096,measured,passed,40c27a8aedea5475c19c3af676a21c722eae8ac0d9dcebf74df669298417d563,3bb82b90ab6cf09d73f609926c4187262b27e2e7b99a225aee971fcd40a59f16,20261005T133926Z-49cb46fc49,26,2,422.8503710000002,201.46632200000002,44.557404999999996,6.2195589999999985,51.080381000000045,118.49904100000002,225.1180160000001,0.0,0.0,0.0,0.0,0.0,149.09789599999996,303.32366700000006,149.09789599999996,343.6170570000001,1069.7910950000005,39.52644333798647,28.353541959516864,32.120014702496654,1213.87744140625,1482.854736328125,1219.837236,1219.837236,0.08855983567388005
/cephfs/shared/impact/LLM_models/llama2-13b-hf,FP16,4096,measured,passed,40c27a8aedea5475c19c3af676a21c722eae8ac0d9dcebf74df669298417d563,3bb82b90ab6cf09d73f609926c4187262b27e2e7b99a225aee971fcd40a59f16,20261005T133926Z-49cb46fc49,27,0,423.7878959999997,202.81138600000003,44.79004999999997,6.23073,51.15361599999998,119.029674,225.82299899999992,0.0,0.0,0.0,0.0,0.0,149.777309,304.985782,149.777309,344.8526729999999,1073.6263509999997,39.472568422456675,28.407069341762092,32.12036223578123,1213.3638916015625,1260.07421875,1224.351553,1224.351553,0.08821102918601587
/cephfs/shared/impact/LLM_models/llama2-13b-hf,FP16,4096,measured,passed,40c27a8aedea5475c19c3af676a21c722eae8ac0d9dcebf74df669298417d563,3bb82b90ab6cf09d73f609926c4187262b27e2e7b99a225aee971fcd40a59f16,20261005T133926Z-49cb46fc49,27,1,423.95068399999997,202.528821,44.724985000000004,6.224709,51.138425,118.81993299999999,225.7594189999999,0.0,0.0,0.0,0.0,0.0,149.60490600000003,304.61694,149.60490600000003,344.57935199999986,1073.146976,39.505370045416775,28.385388657145132,32.109241297438075,1215.7362060546875,1259.81689453125,1223.705951,1223.705951,0.08882488332369982
/cephfs/shared/impact/LLM_models/llama2-13b-hf,FP16,4096,measured,passed,40c27a8aedea5475c19c3af676a21c722eae8ac0d9dcebf74df669298417d563,3bb82b90ab6cf09d73f609926c4187262b27e2e7b99a225aee971fcd40a59f16,20261005T133926Z-49cb46fc49,27,2,423.998455,202.19829000000001,44.67147599999999,6.2341859999999985,51.132036000000056,118.67449800000003,225.33509399999994,0.0,0.0,0.0,0.0,0.0,149.56682300000006,304.2359880000001,149.56682300000006,344.009592,1072.2440350000002,39.543092911680304,28.37376362741902,32.083143460900665,1219.813720703125,1259.6966552734375,1222.766816,1222.766816,0.08907547579529125
/cephfs/shared/impact/LLM_models/llama2-13b-hf,FP16,4096,measured,passed,40c27a8aedea5475c19c3af676a21c722eae8ac0d9dcebf74df669298417d563,3bb82b90ab6cf09d73f609926c4187262b27e2e7b99a225aee971fcd40a59f16,20261005T133926Z-49cb46fc49,28,0,423.9888310000001,202.31906599999996,44.71084200000003,6.230853999999999,51.17142899999996,118.00763100000005,225.47403299999996,0.0,0.0,0.0,0.0,0.0,149.752395,304.43219099999993,149.752395,343.481664,1071.902686,39.55478762556251,28.401103474798077,32.044108899639426,1218.77001953125,1259.9361572265625,1223.5660019999998,1223.566002,0.17795648961264687
/cephfs/shared/impact/LLM_models/llama2-13b-hf,FP16,4096,measured,passed,40c27a8aedea5475c19c3af676a21c722eae8ac0d9dcebf74df669298417d563,3bb82b90ab6cf09d73f609926c4187262b27e2e7b99a225aee971fcd40a59f16,20261005T133926Z-49cb46fc49,28,1,423.7441510000001,202.434103,44.64674099999998,6.234988999999999,51.13879200000006,119.79391,225.45835399999982,0.0,0.0,0.0,0.0,0.0,149.67319100000006,304.454625,149.67319100000006,345.2522639999998,1073.45104,39.47493972338041,28.36222740070195,32.162832875917644,1221.6607666015625,1259.0716552734375,1223.1242309999998,1223.124231,0.0
/cephfs/shared/impact/LLM_models/llama2-13b-hf,FP16,4096,measured,passed,40c27a8aedea5475c19c3af676a21c722eae8ac0d9dcebf74df669298417d563,3bb82b90ab6cf09d73f609926c4187262b27e2e7b99a225aee971fcd40a59f16,20261005T133926Z-49cb46fc49,28,2,423.7307550000002,202.287144,44.76684899999999,6.224431999999999,51.16448800000009,119.84551100000002,225.43107499999985,0.0,0.0,0.0,0.0,0.0,149.668063,304.4429130000001,149.668063,345.27658599999984,1073.4502540000003,39.473720689063256,28.361157106773575,32.16512220416315,1214.9317626953125,1259.6494140625,1223.1183170000002,1223.118317,4.236315089515682e-14
/cephfs/shared/impact/LLM_models/llama2-13b-hf,FP16,4096,measured,passed,40c27a8aedea5475c19c3af676a21c722eae8ac0d9dcebf74df669298417d563,3bb82b90ab6cf09d73f609926c4187262b27e2e7b99a225aee971fcd40a59f16,20261005T133926Z-49cb46fc49,29,0,422.9530899999998,201.026454,44.59415899999996,6.2210079999999985,51.078737000000025,117.40797099999997,224.7747600000001,0.0,0.0,0.0,0.0,0.0,149.019972,302.92035799999996,149.019972,342.1827310000001,1068.056179,39.60026619536086,28.361837509672792,32.037896294966345,1218.841796875,1490.2120361328125,1218.985985,1218.985985,0.17849482850816928
/cephfs/shared/impact/LLM_models/llama2-13b-hf,FP16,4096,measured,passed,40c27a8aedea5475c19c3af676a21c722eae8ac0d9dcebf74df669298417d563,3bb82b90ab6cf09d73f609926c4187262b27e2e7b99a225aee971fcd40a59f16,20261005T133926Z-49cb46fc49,29,1,423.2270739999997,202.41117600000007,44.650547,6.222954,51.104971000000035,119.68529199999996,225.44140599999992,0.0,0.0,0.0,0.0,0.0,149.54115199999995,304.3896480000001,149.54115199999995,345.12669799999986,1072.7434199999996,39.45277744048058,28.374879055422237,32.17234350409719,1216.1710205078125,1259.0062255859375,1222.284572,1222.284572,4.2391064107991834e-14
/cephfs/shared/impact/LLM_models/llama2-13b-hf,FP16,4096,measured,passed,40c27a8aedea5475c19c3af676a21c722eae8ac0d9dcebf74df669298417d563,3bb82b90ab6cf09d73f609926c4187262b27e2e7b99a225aee971fcd40a59f16,20261005T133926Z-49cb46fc49,29,2,424.184856,202.49438999999992,44.74109199999999,6.233416,51.149293,119.86973900000004,225.54977500000007,0.0,0.0,0.0,0.0,0.0,149.777402,304.6181909999999,149.777402,345.4195140000001,1074.222561,39.487613777644356,28.35708372354692,32.15530249880872,1219.59521484375,1268.35400390625,1223.999963,1223.999963,0.0
/cephfs/shared/impact/LLM_models/llama2-13b-hf,FP16,4096,measured,passed,40c27a8aedea5475c19c3af676a21c722eae8ac0d9dcebf74df669298417d563,3bb82b90ab6cf09d73f609926c4187262b27e2e7b99a225aee971fcd40a59f16,20261005T133926Z-49cb46fc49,30,0,423.13412600000004,202.52953300000004,44.765278,6.227075,51.16056300000003,118.995733,225.68367400000002,0.0,0.0,0.0,0.0,0.0,149.70690900000005,304.6824490000001,149.70690900000005,344.679407,1072.4959820000001,39.45321316830817,28.40872638346164,32.138060448230185,1217.51220703125,1259.498046875,1223.152608,1223.152608,0.08847368813203137
/cephfs/shared/impact/LLM_models/llama2-13b-hf,FP16,4096,measured,passed,40c27a8aedea5475c19c3af676a21c722eae8ac0d9dcebf74df669298417d563,3bb82b90ab6cf09d73f609926c4187262b27e2e7b99a225aee971fcd40a59f16,20261005T133926Z-49cb46fc49,30,1,423.5586419999999,202.60832899999997,44.779846999999975,6.225740999999999,51.147419,119.83130300000002,225.61465700000005,0.0,0.0,0.0,0.0,0.0,149.76799799999998,304.7613359999999,149.76799799999998,345.44596000000007,1073.7659379999998,39.44608662004326,28.382473797562387,32.17143958239437,1216.59326171875,1259.6964111328125,1223.533936,1223.533936,2.1175348127240748e-14
/cephfs/shared/impact/LLM_models/llama2-13b-hf,FP16,4096,measured,passed,40c27a8aedea5475c19c3af676a21c722eae8ac0d9dcebf74df669298417d563,3bb82b90ab6cf09d73f609926c4187262b27e2e7b99a225aee971fcd40a59f16,20261005T133926Z-49cb46fc49,30,2,423.2113,202.494259,44.68972499999997,6.226095,51.13160800000002,118.86761399999997,225.62338399999996,0.0,0.0,0.0,0.0,0.0,149.62685499999998,304.54168699999997,149.62685499999998,344.49099799999993,1072.2439849999998,39.46968282596615,28.402275159417194,32.12804201461667,1213.8387451171875,1259.525390625,1222.821165,1222.821165,0.08855106583636732
/cephfs/shared/impact/LLM_models/llama2-13b-hf,FP16,4096,measured,passed,40c27a8aedea5475c19c3af676a21c722eae8ac0d9dcebf74df669298417d563,3bb82b90ab6cf09d73f609926c4187262b27e2e7b99a225aee971fcd40a59f16,20261005T133926Z-49cb46fc49,31,0,423.90219200000007,202.707723,44.770613,6.234056,51.15677900000003,120.03858499999998,225.73969100000005,0.0,0.0,0.0,0.0,0.0,149.779978,304.869171,149.779978,345.778276,1074.549639,39.44928894997284,28.371808982572276,32.178902067454885,1218.2354736328125,1260.194580078125,1224.3296169999999,1224.329617,0.0
/cephfs/shared/impact/LLM_models/llama2-13b-hf,FP16,4096,measured,passed,40c27a8aedea5475c19c3af676a21c722eae8ac0d9dcebf74df669298417d563,3bb82b90ab6cf09d73f609926c4187262b27e2e7b99a225aee971fcd40a59f16,20261005T133926Z-49cb46fc49,31,1,422.8285249999997,201.93059000000005,44.58031899999995,6.2228270000000006,51.04067500000009,118.61360900000004,225.170685,0.0,0.0,0.0,0.0,0.0,149.383248,303.7744110000001,149.383248,343.78429400000005,1070.3872299999998,39.502388775695664,28.379861276932477,32.11774994737186,1215.3839111328125,1623.8946533203125,1220.721443,1220.721443,0.08876422071370252
/cephfs/shared/impact/LLM_models/llama2-13b-hf,FP16,4096,measured,passed,40c27a8aedea5475c19c3af676a21c722eae8ac0d9dcebf74df669298417d563,3bb82b90ab6cf09d73f609926c4187262b27e2e7b99a225aee971fcd40a59f16,20261005T133926Z-49cb46fc49,31,2,424.02167900000006,202.73777799999996,44.798654000000006,6.240487000000001,51.158138000000044,119.045714,225.7283330000001,0.0,0.0,0.0,0.0,0.0,149.85176900000005,304.93505700000003,149.85176900000005,344.7740470000001,1073.7307830000002,39.49050224817853,28.399582262884604,32.10991548893686,1212.1634521484375,1260.5286865234375,1224.5335169999998,1224.533517,0.08848805721038161
